id,brand,model,url,type,pioId,formfactor,width,height,porttype,portinstance,portinstance_name,wiring,pinname,pinfunction,pinx,piny,adapt_pin,host,support_hosts,connectivity_host,connectivity_porttype,connectivity_portinstance,compatible_generic_device,compatible_genericinput_device_conditions,overriding_condition_param_name,condition_param_type,condition_minNumberValue,condition_maxNumberValue,condition_defaultNumberValue,condition_numberUnit,condition_enum_values,condition_default_enum,compatible_genericoutput_device_actions,overriding_action_param_name,action_param_type,action_minNumberValue,action_maxNumberValue,action_defaultNumberValue,action_numberUnit,action_enum_values,action_default_enum,overriding_sensible_value,valuetype,valuemin,valuemax,valueunit,platform,library,,category(old),portname(old),porttype(old),functiontype(old),functionpintype(old),v_min(old),v_max(old),x(old),y(old),connectivity(old),compatibility(old),action(old),param(old),min(old),max(old),unit(old),constraint(old),value(old),valuemin(old),valuemax(old),valueunit(old),valueconstraint(old),count(old)
DEV-13743,Sparkfun,SparkFun Level Shifting microSD Breakout,https://www.sparkfun.com/products/13743,PERIPHERAL,,BREAKOUT_BOARD_ONESIDE,128,173,POWER5V,0,,WIRE,VCC,VCC_5V,10,163,USE,0,MCU_1,0,POWER5V,0,,,,,,,,,,,,,,,,,,,,,,,,,ARDUINO,,,,VCC,WIRE,POWER,VCC,3.3,5,10,163,SPI_1,,,,,,,,,,,,,
,,,,,,,,,,,,,GND,GND,96.4,163,USE,,,,SPI,0,,,,,,,,,,,,,,,,,,,,,,,,,,,,,CS,WIRE,SPI_1,SPI_SS,3.3,5,24.4,163,,,,,,,,,,,,,,
,,,,,,,,,SPI,0,,WIRE,CS,SPI_SS,24.4,163,USE_BLOCK,,,,,,,,,,,,,,,,,,,,,,,,,,,,,,,,,,DI,WIRE,SPI_1,SPI_MOSI,3.3,5,38.8,163,,,,,,,,,,,,,,
,,,,,,,,,,,,,DI,SPI_MOSI,38.8,163,USE_BLOCK,,,,,,,,,,,,,,,,,,,,,,,,,,,,,,,,,,SCK,WIRE,SPI_1,SPI_SCK,3.3,5,53.2,163,,,,,,,,,,,,,,
,,,,,,,,,,,,,SCK,SPI_SCK,53.2,163,USE_BLOCK,,,,,,,,,,,,,,,,,,,,,,,,,,,,,,,,,,DO,WIRE,SPI_1,SPI_MISO,3.3,5,67.6,163,,,,,,,,,,,,,,
,,,,,,,,,,,,,DO,SPI_MISO,67.6,163,USE_BLOCK,,,,,,,,,,,,,,,,,,,,,,,,,,,,,,,,,,CO,WIRE,,,,,82,163,,,,,,,,,,,,,,
,,,,,,,,,NC,0,,WIRE,CO,NC,82,163,NO_OP,,,,,,,,,,,,,,,,,,,,,,,,,,,,,,,,,,GND,WIRE,POWER,GND,,,96.4,163,,,,,,,,,,,,,,
Adafruit-1063,Adafruit,Electret Microphone Amplifier - MAX4466 with Adjustable Gain,https://www.adafruit.com/product/1063,PERIPHERAL,,BREAKOUT_BOARD_ONESIDE,79.2,122.4,ANALOG,0,,WIRE,OUT,ANALOG,21.646,110.924,USE_BLOCK,0,MCU_1,0,ANALOG,0,Sound,Compare,,,,,,,,,,,,,,,,,,SoundLevel,DOUBLE,-40,50,DECIBEL,ARDUINO,MP_MAX4466,,,OUT,WIRE,ANALOG_1,INOUT,,,21.646,110.924,ANALOG_1,Sound,Compare,,,,,,Sound Level,0,0,DECIBEL,,
,,,,,,,,,POWER5V,0,,WIRE,GND,GND,36.046,110.924,USE,,,,POWER5V,0,,,,,,,,,,,,,,,,,,,,,,,,,,,,,GND,WIRE,POWER,GND,,,36.046,110.924,,,,,,,,,,,,,,
,,,,,,,,,,,,,VCC,VCC_5V,50.446,110.924,USE,,,,,,,,,,,,,,,,,,,,,,,,,,,,,,,,,,VCC,WIRE,POWER,VCC,2.4,5.5,50.446,110.924,,,,,,,,,,,,,,
Adafruit-2130,Adafruit,Adafruit Mono 2.5W Class D Audio Amplifier - PAM8302,https://www.adafruit.com/products/2130,PERIPHERAL,,BREAKOUT_BOARD_ONESIDE,86.4,136.8,PWM,0,,WIRE,A+,PWM,80.793,119.519,USE_BLOCK,0,MCU_1,0,PWM,0,,,,,,,,,,,,,,,,,,,,,,,,,ARDUINO,MP_PAM8302,,AMPLIFIER,A+,WIRE,PWM_1,INOUT,,,80.793,119.519,PWM_1,,,,,,,,,,,,,1
,,,,,,,,,POWER5V,0,,WIRE,A-,GND,95.193,119.519,USE,,,,POWER5V,0,,,,,,,,,,,,,,,,,,,,,,,,,,,,,A-,WIRE,POWER,GND,,,95.193,119.519,,,,,,,,,,,,,,
,,,,,,,,,,,,,VIN,VCC_5V,123.993,119.519,USE,,,,,,,,,,,,,,,,,,,,,,,,,,,,,,,,,,SD,WIRE,,,,,109.593,119.519,,,,,,,,,,,,,,
,,,,,,,,,,,,,GND,GND,138.393,119.519,USE,,,,,,,,,,,,,,,,,,,,,,,,,,,,,,,,,,VIN,WIRE,POWER,VCC,2.5,5,123.993,119.519,,,,,,,,,,,,,,
,,,,,,,,,NC,0,,WIRE,SD,NC,109.593,119.519,NO_OP,,,,,,,,,,,,,,,,,,,,,,,,,,,,,,,,,,GND,WIRE,POWER,GND,3.3,5,138.393,119.519,,,,,,,,,,,,,,
Adafruit-2652,Adafruit,Adafruit BME280 I2C or SPI Temperature Humidity Pressure Sensor,https://www.adafruit.com/products/2652,PERIPHERAL,,BREAKOUT_BOARD_ONESIDE,100.8,108,POWER5V,0,,WIRE,VIN,VCC_5V,7.2,93.599,USE,0,MCU_1,0,POWER5V,0,Temperature,Compare,,,,,,,,,,,,,,,,,,Temperature,DOUBLE,-40,85,CELSIUS,ARDUINO,MP_BME280,,,VIN,WIRE,POWER,VCC,3,5,7.2,93.599,I2C_1,Temperature,Compare,,,,,,Temperature,-40,85,CELSIUS,,
,,,,,,,,,,,,,GND,GND,36,93.599,USE,,,,I2C,0,Humidity,Compare,,,,,,,,,,,,,,,,,,Humidity,DOUBLE,0,100,PERCENT,,Adafruit_BME280,,,3Vo,WIRE,,,,,21.6,93.599,,Humidity,Compare,,,,,,Humidity,0,100,PERCENT,,
,,,,,,,,,POWER3V,0,,WIRE,3Vo,VCC_3V,21.6,93.599,USE,,,1,POWER5V,0,Pressuremeter,Compare,,,,,,,,,,,,,,,,,,Pressure,DOUBLE,300,1100,HECTOPASCAL,,Adafruit_Sensor,,,GND,WIRE,POWER,GND,,,36,93.599,,Pressuremeter,Compare,,,,,,Pressure,300,1100,HECTOPASCAL,,
,,,,,,,,,,,,,GND,GND,36,93.599,USE,,,,SPI,0,Altimeter,Compare,,,,,,,,,,,,,,,,,,Altitude,DOUBLE,-698.43,9165.37,METER,,,,,SCK,WIRE,I2C_1,I2C_SCL,3,5,50.4,93.599,,Altimeter,Compare,,,,,,Altitude,-698.43,9165.37,METER,,
,,,,,,,,,SPI,0,,WIRE,SCK,SPI_SCK,50.4,93.599,USE_BLOCK,,,2,POWER3V,0,,,,,,,,,,,,,,,,,,,,,,,,,,,,,SDO,WIRE,,,,,64.8,93.599,,,,,,,,,,,,,,
,,,,,,,,,,,,,SDO,SPI_MISO,64.8,93.599,USE_BLOCK,,,,I2C,0,,,,,,,,,,,,,,,,,,,,,,,,,,,,,SDI,WIRE,I2C_1,I2C_SDA,3,5,79.2,93.599,,,,,,,,,,,,,,
,,,,,,,,,,,,,SDI,SPI_MOSI,79.2,93.599,USE_BLOCK,,,3,POWER3V,0,,,,,,,,,,,,,,,,,,,,,,,,,,,,,CS,WIRE,,,,,93.6,93.599,,,,,,,,,,,,,,
,,,,,,,,,,,,,CS,SPI_SS,93.6,93.599,USE_BLOCK,,,,SPI,0,,,,,,,,,,,,,,,,,,,,,,,,,,,,,,,,,,,,,,,,,,,,,,,,,,
,,,,,,,,,I2C,0,,WIRE,SCK,I2C_SCL,50.4,93.599,USE,,,,,,,,,,,,,,,,,,,,,,,,,,,,,,,,,,,,,,,,,,,,,,,,,,,,,,,
,,,,,,,,,,,,,SDI,I2C_SDA,79.2,93.599,USE,,,,,,,,,,,,,,,,,,,,,,,,,,,,,,,,,,,,,,,,,,,,,,,,,,,,,,,
Adafruit-3251,Adafruit,Adafruit Si7021 Temperature & Humidity Sensor Breakout Board,https://www.adafruit.com/product/3251,PERIPHERAL,,BREAKOUT_BOARD_ONESIDE,86.4,100.8,POWER5V,0,,WIRE,VIN,VCC_5V,14.4,86.401,USE,0,MCU_1,0,I2C,0,Temperature,Compare,,,,,,,,,,,,,,,,,,Temperature,DOUBLE,-10,85,CELSIUS,ARDUINO,Adafruit_Si7021,,,VIN,WIRE,POWER,VCC,3.3,5,14.4,86.401,I2C_1,Temperature,Compare,,,,,,Temperature,-10,85,CELSIUS,,
,,,,,,,,,,,,,GND,GND,43.2,86.401,USE,,,,POWER5V,0,Humidity,Compare,,,,,,,,,,,,,,,,,,Humidity,DOUBLE,0,80,PERCENT,,MP_Si7021,,,3Vo,WIRE,,,,,28.8,86.401,,Humidity,Compare,,,,,,Humidity,0,80,PERCENT,,
,,,,,,,,,I2C,0,,WIRE,SCL,I2C_SCL,57.6,86.401,USE_BLOCK,,,,,,,,,,,,,,,,,,,,,,,,,,,,,,,,,,GND,WIRE,POWER,GND,,,43.2,86.401,,,,,,,,,,,,,,
,,,,,,,,,,,,,SDA,I2C_SDA,72,86.401,USE_BLOCK,,,,,,,,,,,,,,,,,,,,,,,,,,,,,,,,,,SCL,WIRE,I2C_1,I2C_SCL,3.3,5,57.6,86.401,,,,,,,,,,,,,,
,,,,,,,,,NC,0,,WIRE,3Vo,NC,28.8,86.401,NO_OP,,,,,,,,,,,,,,,,,,,,,,,,,,,,,,,,,,SDA,WIRE,I2C_1,I2C_SDA,3.3,5,72,86.401,,,,,,,,,,,,,,
Adafruit-1032,Adafruit,L3GD20H Triple-Axis Gyro Breakout Board - L3GD20/L3G4200 Upgrade - L3GD20H,https://www.adafruit.com/product/1032,PERIPHERAL,,BREAKOUT_BOARD_ONESIDE,173,108,I2C,0,,WIRE,SCL,I2C_SCL,29,99,USE,0,MCU_1,0,I2C,0,Gyroscope,Compare,,,,,,,,,,,,,,,,,,Gyro_X,DOUBLE,-2000,2000,RADIUSPERSEC,ARDUINO,MP_L3GD20,,,SCL,WIRE,I2C_1,I2C_SCL,3,5,29,99,I2C_1,Gyroscope,Compare,,,,,,X,-2000,2000,DEGREEPERSEC,,
,,,,,,,,,,,,,SDA,I2C_SDA,43.4,99,USE,,,,POWER5V,0,,,,,,,,,,,,,,,,,,,,Gyro_Y,DOUBLE,-2000,2000,RADIUSPERSEC,,Adafruit_Sensor,,,SDA,WIRE,I2C_1,I2C_SDA,3,5,43.4,99,,,,,,,,,Y,-2000,2000,DEGREEPERSEC,,
,,,,,,,,,POWER5V,0,,WIRE,VIN,VCC_5V,144.2,99,USE,,,,,,,,,,,,,,,,,,,,,,,,,Gyro_Z,DOUBLE,-2000,2000,RADIUSPERSEC,,Adafruit_L3GD20_U,,,SA0,WIRE,,,,,57.8,99,,,,,,,,,Z,-2000,2000,DEGREEPERSEC,,
,,,,,,,,,,,,,GND,GND,115.4,99,USE,,,,,,,,,,,,,,,,,,,,,,,,,,,,,,,,,,CS,WIRE,,,,,72.2,99,,,,,,,,,,,,,,
,,,,,,,,,NC,0,,WIRE,3Vo,VCC_3V,129.8,99,NO_OP,,,,,,,,,,,,,,,,,,,,,,,,,,,,,,,,,,DRDY,WIRE,,,,,86.6,99,,,,,,,,,,,,,,
,,,,,,,,,,1,,WIRE,SA0,NC,57.8,99,NO_OP,,,,,,,,,,,,,,,,,,,,,,,,,,,,,,,,,,INT1,WIRE,,,,,101,99,,,,,,,,,,,,,,
,,,,,,,,,,2,,WIRE,CS,NC,72.2,99,NO_OP,,,,,,,,,,,,,,,,,,,,,,,,,,,,,,,,,,GND,WIRE,POWER,GND,,,115.4,99,,,,,,,,,,,,,,
,,,,,,,,,,3,,WIRE,DRDY,NC,86.6,99,NO_OP,,,,,,,,,,,,,,,,,,,,,,,,,,,,,,,,,,3Vo,WIRE,,,,,129.8,99,,,,,,,,,,,,,,
,,,,,,,,,,4,,WIRE,INT1,NC,101,99,NO_OP,,,,,,,,,,,,,,,,,,,,,,,,,,,,,,,,,,VIN,WIRE,POWER,VCC,3,5,144.2,99,,,,,,,,,,,,,,
Adafruit-2023,Adafruit,Contact-less Infrared Thermopile Sensor Breakout - TMP007,https://www.adafruit.com/product/2023,PERIPHERAL,,BREAKOUT_BOARD_ONESIDE,116,116,POWER5V,0,,WIRE,VCC,VCC_5V,14.5,101.5,USE,0,MCU_1,0,I2C,0,Temperature,Compare,,,,,,,,,,,,,,,,,,Temperature,DOUBLE,-40,125,CELSIUS,ARDUINO,Adafruit_TMP007,,,VCC,WIRE,POWER,VCC,2.2,5.5,14.5,101.5,I2C_1,Temperature,Compare,,,,,,Temperature,-40,125,CELSIUS,,
,,,,,,,,,,,,,GND,GND,28.9,101.5,USE,,,,POWER5V,0,,,,,,,,,,,,,,,,,,,,,,,,,,MP_TMP007,,,GND,WIRE,POWER,GND,,,28.9,101.5,,,,,,,,,,,,,,
,,,,,,,,,POWER3V,0,,WIRE,VCC,VCC_5V,14.5,101.5,USE,,,1,I2C,0,,,,,,,,,,,,,,,,,,,,,,,,,,,,,,,,,,,,,,,,,,,,,,,,,,
,,,,,,,,,,,,,GND,GND,28.9,101.5,USE,,,,POWER3V,0,,,,,,,,,,,,,,,,,,,,,,,,,,,,,,,,,,,,,,,,,,,,,,,,,,
,,,,,,,,,I2C,0,,WIRE,SDA,I2C_SDA,43.3,101.5,USE,,,,,,,,,,,,,,,,,,,,,,,,,,,,,,,,,,SDA,WIRE,I2C_1,I2C_SDA,2.2,5.5,43.3,101.5,,,,,,,,,,,,,,
,,,,,,,,,,,,,SCL,I2C_SCL,57.7,101.5,USE,,,,,,,,,,,,,,,,,,,,,,,,,,,,,,,,,,SCL,WIRE,I2C_1,I2C_SCL,2.2,5.5,57.7,101.5,,,,,,,,,,,,,,
,,,,,,,,,NC,0,,WIRE,ALERT,NC,72.1,101.5,NO_OP,,,,,,,,,,,,,,,,,,,,,,,,,,,,,,,,,,ALERT,WIRE,,,,,72.1,101.5,,,,,,,,,,,,,,
,,,,,,,,,,1,,WIRE,AD1,NC,86.5,101.5,NO_OP,,,,,,,,,,,,,,,,,,,,,,,,,,,,,,,,,,AD1,WIRE,,,,,86.5,101.5,,,,,,,,,,,,,,
,,,,,,,,,,2,,WIRE,AD0,NC,100.9,101.5,NO_OP,,,,,,,,,,,,,,,,,,,,,,,,,,,,,,,,,,AD0,WIRE,,,,,100.9,101.5,,,,,,,,,,,,,,
DEV-13975,Sparkfun,SparkFun RedBoard,https://www.sparkfun.com/products/13975,CONTROLLER,uno,STANDALONE,531,410,UART,0,,WIRE,0,UART_RX,493.5,21.907,CREATE,,,,,,,,,,,,,,,,,,,,,,,,,,,,,,ARDUINO,,,,0,WIRE,UART_1,UART_RX,5,5,493.5,21.907,GPIO_1,,,,,,,,,,,,,
,,,,,,,,,,,,,1,UART_TX,474.5,21.907,CREATE,,,,,,,,,,,,,,,,,,,,,,,,,,,,,,,,,,1,WIRE,UART_1,UART_TX,5,5,474.5,21.907,GPIO_2,,,,,,,,,,,,,
,,,,,,,,,GPIO,0,,WIRE,0,GPIO,493.5,21.907,CREATE,,,,,,,,,,,,,,,,,,,,,,,,,,,,,,,,,,2,WIRE,GPIO_1,INOUT,5,5,455.5,21.907,GPIO_3,,,,,,,,,,,,,
,,,,,,,,,,1,,WIRE,1,GPIO,474.5,21.907,CREATE,,,,,,,,,,,,,,,,,,,,,,,,,,,,,,,,,,3,WIRE,PWM_1,INOUT,5,5,435.5,21.907,GPIO_4,,,,,,,,,,,,,
,,,,,,,,,,2,,WIRE,2,GPIO,455.5,21.907,CREATE,,,,,,,,,,,,,,,,,,,,,,,,,,,,,,,,,,4,WIRE,GPIO_2,INOUT,5,5,416,21.907,GPIO_5,,,,,,,,,,,,,
,,,,,,,,,,3,,WIRE,3,GPIO,435.5,21.907,CREATE,,,,,,,,,,,,,,,,,,,,,,,,,,,,,,,,,,5,WIRE,PWM_2,INOUT,5,5,397,21.907,GPIO_6,,,,,,,,,,,,,
,,,,,,,,,,4,,WIRE,4,GPIO,416,21.907,CREATE,,,,,,,,,,,,,,,,,,,,,,,,,,,,,,,,,,6,WIRE,PWM_3,INOUT,5,5,378,21.907,UART_1,,,,,,,,,,,,,
,,,,,,,,,,5,,WIRE,5,GPIO,397,21.907,CREATE,,,,,,,,,,,,,,,,,,,,,,,,,,,,,,,,,,7,WIRE,GPIO_3,INOUT,5,5,359,21.907,I2C_1,,,,,,,,,,,,,
,,,,,,,,,,6,,WIRE,6,GPIO,378,21.907,CREATE,,,,,,,,,,,,,,,,,,,,,,,,,,,,,,,,,,8,WIRE,GPIO_4,INOUT,5,5,327.5,21.907,PWM_1,,,,,,,,,,,,,
,,,,,,,,,,7,,WIRE,7,GPIO,359,21.907,CREATE,,,,,,,,,,,,,,,,,,,,,,,,,,,,,,,,,,9,WIRE,PWM_4,INOUT,5,5,308.5,21.907,PWM_2,,,,,,,,,,,,,
,,,,,,,,,,8,,WIRE,8,GPIO,327.5,21.907,CREATE,,,,,,,,,,,,,,,,,,,,,,,,,,,,,,,,,,10,WIRE,PWM_5,INOUT,5,5,288.5,21.907,PWM_3,,,,,,,,,,,,,
,,,,,,,,,,9,,WIRE,9,GPIO,308.5,21.907,CREATE,,,,,,,,,,,,,,,,,,,,,,,,,,,,,,,,,,11,WIRE,PWM_6,INOUT,5,5,269.5,21.907,PWM_4,,,,,,,,,,,,,
,,,,,,,,,,10,,WIRE,10,GPIO,288.5,21.907,CREATE,,,,,,,,,,,,,,,,,,,,,,,,,,,,,,,,,,12,WIRE,GPIO_5,INOUT,5,5,250.5,21.907,PWM_5,,,,,,,,,,,,,
,,,,,,,,,,11,,WIRE,11,GPIO,269.5,21.907,CREATE,,,,,,,,,,,,,,,,,,,,,,,,,,,,,,,,,,13,WIRE,GPIO_6,INOUT,5,5,231.5,21.907,PWM_6,,,,,,,,,,,,,
,,,,,,,,,,12,,WIRE,12,GPIO,250.5,21.907,CREATE,,,,,,,,,,,,,,,,,,,,,,,,,,,,,,,,,,GND,WIRE,POWER,GND,5,5,212.5,21.907,ANALOG_0,,,,,,,,,,,,,
,,,,,,,,,,13,,WIRE,13,GPIO,231.5,21.907,CREATE,,,,,,,,,,,,,,,,,,,,,,,,,,,,,,,,,,AREF,WIRE,,,,,193.5,21.907,ANALOG_1,,,,,,,,,,,,,
,,,,,,,,,ANALOG,0,,WIRE,A5,ANALOG,492.542,387.372,CREATE,,,,,,,,,,,,,,,,,,,,,,,,,,,,,,,,,,SDA,WIRE,I2C_1,I2C_SDA,5,5,174.5,21.907,ANALOG_2,,,,,,,,,,,,,
,,,,,,,,,,1,,WIRE,A4,ANALOG,473.475,387.372,CREATE,,,,,,,,,,,,,,,,,,,,,,,,,,,,,,,,,,SCL,WIRE,I2C_1,I2C_SCL,5,5,154.5,21.907,ANALOG_3,,,,,,,,,,,,,
,,,,,,,,,,2,,WIRE,A3,ANALOG,454.408,387.372,CREATE,,,,,,,,,,,,,,,,,,,,,,,,,,,,,,,,,,A5,WIRE,ANALOG_5,INOUT,5,5,492.542,387.372,ANALOG_4,,,,,,,,,,,,,
,,,,,,,,,,3,,WIRE,A2,ANALOG,435.341,387.372,CREATE,,,,,,,,,,,,,,,,,,,,,,,,,,,,,,,,,,,,,,,,,,,,,,,,,,,,,,,
,,,,,,,,,,4,,WIRE,A1,ANALOG,416.274,387.372,CREATE,,,,,,,,,,,,,,,,,,,,,,,,,,,,,,,,,,,,,,,,,,,,,,,,,,,,,,,
,,,,,,,,,,5,,WIRE,A0,ANALOG,397.207,387.372,CREATE,,,,,,,,,,,,,,,,,,,,,,,,,,,,,,,,,,A4,WIRE,ANALOG_4,INOUT,5,5,473.475,387.372,ANALOG_5,,,,,,,,,,,,,
,,,,,,,,,PWM,0,,WIRE,3,PWM,435.5,21.907,CREATE,,,,,,,,,,,,,,,,,,,,,,,,,,,,,,,,,,,,,,,,,,,,,,,,,,,,,,,
,,,,,,,,,,1,,WIRE,5,PWM,397,21.907,CREATE,,,,,,,,,,,,,,,,,,,,,,,,,,,,,,,,,,,,,,,,,,,,,,,,,,,,,,,
,,,,,,,,,,2,,WIRE,6,PWM,378,21.907,CREATE,,,,,,,,,,,,,,,,,,,,,,,,,,,,,,,,,,,,,,,,,,,,,,,,,,,,,,,
,,,,,,,,,,3,,WIRE,9,PWM,308.5,21.907,CREATE,,,,,,,,,,,,,,,,,,,,,,,,,,,,,,,,,,,,,,,,,,,,,,,,,,,,,,,
,,,,,,,,,,4,,WIRE,10,PWM,288.5,21.907,CREATE,,,,,,,,,,,,,,,,,,,,,,,,,,,,,,,,,,A3,WIRE,ANALOG_3,INOUT,5,5,454.408,387.372,,,,,,,,,,,,,,
,,,,,,,,,,5,,WIRE,11,PWM,269.5,21.907,CREATE,,,,,,,,,,,,,,,,,,,,,,,,,,,,,,,,,,A2,WIRE,ANALOG_2,INOUT,5,5,435.341,387.372,,,,,,,,,,,,,,
,,,,,,,,,SPI,0,,WIRE,10,SPI_SS,288.5,21.907,CREATE,,,,,,,,,,,,,,,,,,,,,,,,,,,,,,,,,,A1,WIRE,ANALOG_1,INOUT,5,5,416.274,387.372,,,,,,,,,,,,,,
,,,,,,,,,,,,,11,SPI_MOSI,269.5,21.907,CREATE,,,,,,,,,,,,,,,,,,,,,,,,,,,,,,,,,,A0,WIRE,ANALOG_0,INOUT,5,5,397.207,387.372,,,,,,,,,,,,,,
,,,,,,,,,,,,,12,SPI_MISO,250.5,21.907,CREATE,,,,,,,,,,,,,,,,,,,,,,,,,,,,,,,,,,VIN,WIRE,,,,,357.76,387.372,,,,,,,,,,,,,,
,,,,,,,,,,,,,13,SPI_SCK,231.5,21.907,CREATE,,,,,,,,,,,,,,,,,,,,,,,,,,,,,,,,,,GND,WIRE,POWER,GND,5,5,338.693,387.372,,,,,,,,,,,,,,
,,,,,,,,,POWER5V,0,,WIRE,GND,GND,319.626,387.372,CREATE,,,,,,,,,,,,,,,,,,,,,,,,,,,,,,,,,,GND,WIRE,POWER,GND,5,5,319.626,387.372,,,,,,,,,,,,,,
,,,,,,,,,,,,,5V,VCC_5V,300.559,387.372,CREATE,,,,,,,,,,,,,,,,,,,,,,,,,,,,,,,,,,5V,WIRE,POWER,VCC,5,5,300.559,387.372,,,,,,,,,,,,,,
,,,,,,,,,POWER3V,0,,WIRE,3.3V,VCC_3V,281.492,387.372,CREATE,,,,,,,,,,,,,,,,,,,,,,,,,,,,,,,,,,3.3V,WIRE,,,,,281.492,387.372,,,,,,,,,,,,,,
,,,,,,,,,,,,,GND,GND,319.626,387.372,CREATE,,,,,,,,,,,,,,,,,,,,,,,,,,,,,,,,,,RESET,WIRE,,,,,262.425,387.372,,,,,,,,,,,,,,
,,,,,,,,,I2C,0,,WIRE,SDA,I2C_SDA,174.5,21.907,CREATE,,,,,,,,,,,,,,,,,,,,,,,,,,,,,,,,,,IOREF,WIRE,,,,,243.358,387.372,,,,,,,,,,,,,,
,,,,,,,,,,,,,SCL,I2C_SCL,154.5,21.907,CREATE,,,,,,,,,,,,,,,,,,,,,,,,,,,,,,,,,,,,,,,,,,,,,,,,,,,,,,,
,,,,,,,,,NC,0,,WIRE,VIN,VIN,357.76,387.372,CREATE,,,,,,,,,,,,,,,,,,,,,,,,,,,,,,,,,,,,,,,,,,,,,,,,,,,,,,,
,,,,,,,,,,1,,WIRE,GND,GND,212.5,21.907,CREATE,,,,,,,,,,,,,,,,,,,,,,,,,,,,,,,,,,,,,,,,,,,,,,,,,,,,,,,
,,,,,,,,,,2,,WIRE,GND,GND,338.693,387.372,CREATE,,,,,,,,,,,,,,,,,,,,,,,,,,,,,,,,,,,,,,,,,,,,,,,,,,,,,,,
,,,,,,,,,,3,,WIRE,RESET,RESET,262.425,387.372,CREATE,,,,,,,,,,,,,,,,,,,,,,,,,,,,,,,,,,,,,,,,,,,,,,,,,,,,,,,
,,,,,,,,,,4,,WIRE,IOREF,IOREF,243.358,387.372,CREATE,,,,,,,,,,,,,,,,,,,,,,,,,,,,,,,,,,,,,,,,,,,,,,,,,,,,,,,
,,,,,,,,,,5,,WIRE,AREF,AREF,193.5,21.907,CREATE,,,,,,,,,,,,,,,,,,,,,,,,,,,,,,,,,,,,,,,,,,,,,,,,,,,,,,,
Arduinoall-29,Arduinoall,PIR Motion Sensor Module HC-SR501,https://www.arduinoall.com/product/29/pir-hc-sr501-%E0%B9%80%E0%B8%8B%E0%B8%99%E0%B9%80%E0%B8%8B%E0%B8%AD%E0%B8%A3%E0%B9%8C%E0%B8%95%E0%B8%A3%E0%B8%A7%E0%B8%88%E0%B8%88%E0%B8%B1%E0%B8%9A%E0%B8%84%E0%B8%A7%E0%B8%B2%E0%B8%A1%E0%B9%80%E0%B8%84%E0%B8%A5%E0%B8%B7%E0%B9%88%E0%B8%AD%E0%B8%99%E0%B9%84%E0%B8%AB%E0%B8%A7-motion-sensor-module-hc-sr501,PERIPHERAL,,STANDALONE,235,230,POWER5V,0,,WIRE,5V,VCC_5V,135,229.074,USE,0,MCU_1,0,GPIO,0,Presence,Detect Human,,,,,,,,,,,,,,,,,,,,,,,ARDUINO,MP_HC_SR501,,,5V,WIRE,POWER,VCC,3,5,135,229.074,GPIO_1,Presence,Detect Human,isDetected,,,,,,,,,,
,,,,,,,,,,,,,GND,GND,99,229.074,USE,,,,POWER5V,0,,No Human,,,,,,,,,,,,,,,,,,,,,,,,,,,GND,WIRE,POWER,GND,,,99,229.074,,,No Human,isNotDetected,,,,,,,,,,
,,,,,,,,,GPIO,0,,WIRE,DO,GPIO,117,229.074,USE_BLOCK,,,,,,,,,,,,,,,,,,,,,,,,,,,,,,,,,,DO,WIRE,GPIO_1,INOUT,3,5,117,229.074,,,,,,,,,,,,,,
Adafruit-1438,Adafruit,Adafruit Motor/Stepper/Servo Shield for Arduino v2 Kit - v2.3,https://www.adafruit.com/product/1438,PERIPHERAL,,SHIELD,454,204,MOTOR,0,,WIRE,M1+,MOTOR_POSITIVE,17,177.5,CREATE,0,MCU_1,0,I2C,0,DC Motor,,,,,,,,,,On,Direction,ENUM,,,,,Forward,Forward,,,,,,ARDUINO,MP_Adafruit_MotorShield,,,M1+,WIRE,,,,,17,177.5,I2C_1,DC Motor,On,Direction,,,,Forward,,,,,,
,,,,,,,,,,,,,M1-,MOTOR_NEGATIVE,17,205.5,CREATE,,,,GPIO,0,,,,,,,,,,,,,,,,,,Backward,,,,,,,,Adafruit_MotorShield,,,M1-,WIRE,,,,,17,205.5,,,,,,,,Backward,,,,,,
,,,,,,,,,,1,,WIRE,M2+,MOTOR_POSITIVE,17,260.5,CREATE,,,,,1,,,,,,,,,,,,Speed,DOUBLE,0,100,80,PERCENT,,,,,,,,,Adafruit_MS_PWMServoDriver,,,GND,WIRE,,,,,17,230.5,,,,Speed,0,100,PERCENT,,,,,,,
,,,,,,,,,,,,,M2-,MOTOR_NEGATIVE,17,290.5,CREATE,,,,,2,,,,,,,,,,,,,,,,,,,,,,,,,,,,,M2+,WIRE,,,,,17,260.5,,,,,,,,,,,,,,
,,,,,,,,,,2,,WIRE,M3+,MOTOR_POSITIVE,528,348.5,CREATE,,,,,3,,,,,,,,,,,,,,,,,,,,,,,,,,,,,M2-,WIRE,,,,,17,290.5,,,,,,,,,,,,,,
,,,,,,,,,,,,,M3-,MOTOR_NEGATIVE,528,322.5,CREATE,,,,,4,,,,,,,,,,,,,,,,,,,,,,,,,,,,,V+,WIRE,,,,,156,397,,,,,,,,,,,,,,
,,,,,,,,,,3,,WIRE,M4+,MOTOR_POSITIVE,528,269.5,CREATE,,,,,5,,,,,,,,,,,,,,,,,,,,,,,,,,,,,V-,WIRE,,,,,181,397,,,,,,,,,,,,,,
,,,,,,,,,,,,,M4-,MOTOR_NEGATIVE,528,240.5,CREATE,,,,,6,,,,,,,,,,,,,,,,,,,,,,,,,,,,,M3+,WIRE,,,,,528,348.5,,,,,,,,,,,,,,
,,,,,,,,,SERVO,0,,WIRE,Servo1+,SERVO_POSITIVE,64,23.5,CREATE,,,,,7,,,,,,,,,,,,,,,,,,,,,,,,,,,,,M3-,WIRE,,,,,528,322.5,,,,,,,,,,,,,,
,,,,,,,,,,,,,Servo1-,SERVO_NEGATIVE,83,23.5,CREATE,,,,,8,,,,,,,,,,,,,,,,,,,,,,,,,,,,,GND,WIRE,,,,,528,295.5,,,,,,,,,,,,,,
,,,,,,,,,,,,,Servo1s,SERVO_SIGNAL,102,23.5,CREATE,,,,,9,,,,,,,,,,,,,,,,,,,,,,,,,,,,,M4+,WIRE,,,,,528,269.5,,,,,,,,,,,,,,
,,,,,,,,,,1,,WIRE,Servo2+,SERVO_POSITIVE,64,43.5,CREATE,,,,,10,,,,,,,,,,,,,,,,,,,,,,,,,,,,,M4-,WIRE,,,,,528,240.5,,,,,,,,,,,,,,
,,,,,,,,,,,,,Servo2-,SERVO_NEGATIVE,83,43.5,CREATE,,,,,11,,,,,,,,,,,,,,,,,,,,,,,,,,,,,Servo1+,WIRE,,,,,64,23.5,,,,,,,,,,,,,,
,,,,,,,,,,,,,Servo2s,SERVO_SIGNAL,102,43.5,CREATE,,,,,12,,,,,,,,,,,,,,,,,,,,,,,,,,,,,Servo1-,WIRE,,,,,83,23.5,,,,,,,,,,,,,,
,,,,,,,,,EXT_SOURCE,0,,WIRE,V+,EXT_VCC,156,397,USE,,,,,13,,,,,,,,,,,,,,,,,,,,,,,,,,,,,Servo1s,WIRE,,,,,102,23.5,,,,,,,,,,,,,,
,,,,,,,,,,,,,V-,EXT_GND,181,397,USE,,,,ANALOG,0,,,,,,,,,,,,,,,,,,,,,,,,,,,,,Servo2+,WIRE,,,,,64,43.5,,,,,,,,,,,,,,
,,,,,,,,,I2C,0,,SHIELD,SDA,I2C_SDA,174.5,21.907,USE_BLOCK,,,,,1,,,,,,,,,,,,,,,,,,,,,,,,,,,,,Servo2-,WIRE,,,,,83,43.5,,,,,,,,,,,,,,
,,,,,,,,,,,,,SCL,I2C_SCL,154.5,21.907,USE_BLOCK,,,,,2,,,,,,,,,,,,,,,,,,,,,,,,,,,,,Servo2s,WIRE,,,,,102,43.5,,,,,,,,,,,,,,
,,,,,,,,,POWER5V,0,,SHIELD,5V,VCC_5V,300.559,387.372,USE_BLOCK,,,,,3,,,,,,,,,,,,,,,,,,,,,,,,,,,,,SDA,WIRE,I2C_1,I2C_SDA,5,5,174.5,21.907,,,,,,,,,,,,,,
,,,,,,,,,,,,,GND,GND,319.626,387.372,USE_BLOCK,,,,NC,0,,,,,,,,,,,,,,,,,,,,,,,,,,,,,SCL,WIRE,I2C_1,I2C_SCL,5,5,154.5,21.907,,,,,,,,,,,,,,
,,,,,,,,,POWER5V,0,,WIRE,GND,GND,17,230.5,CREATE,,,,,1,,,,,,,,,,,,,,,,,,,,,,,,,,,,,5V,WIRE,POWER,VCC,5,5,300.559,387.372,,,,,,,,,,,,,,
,,,,,,,,,,1,,WIRE,GND,GND,528,295.5,CREATE,,,,,2,,,,,,,,,,,,,,,,,,,,,,,,,,,,,GND,WIRE,POWER,GND,5,5,319.626,387.372,,,,,,,,,,,,,,
,,,,,,,,,GPIO,0,,SHIELD,0,GPIO,0,0,BLOCK,,,,,3,,,,,,,,,,,,,,,,,,,,,,,,,,,,,,,,,,,,,,,,,,,,,,,,,,
,,,,,,,,,,1,,SHIELD,1,GPIO,0,0,BLOCK,,,,,4,,,,,,,,,,,,,,,,,,,,,,,,,,,,,,,,,,,,,,,,,,,,,,,,,,
,,,,,,,,,,2,,SHIELD,2,GPIO,0,0,BLOCK,,,,,5,,,,,,,,,,,,,,,,,,,,,,,,,,,,,,,,,,,,,,,,,,,,,,,,,,
,,,,,,,,,,3,,SHIELD,3,GPIO,0,0,BLOCK,1,POWER_1,0,EXT_SOURCE,0,,,,,,,,,,,,,,,,,,,,,,,,,,,,,,,,,,,,,,,,,,,,,,,,,,
,,,,,,,,,,4,,SHIELD,4,GPIO,0,0,BLOCK,,,,,,,,,,,,,,,,,,,,,,,,,,,,,,,,,,,,,,,,,,,,,,,,,,,,,,,
,,,,,,,,,,5,,SHIELD,5,GPIO,0,0,BLOCK,,,,,,,,,,,,,,,,,,,,,,,,,,,,,,,,,,,,,,,,,,,,,,,,,,,,,,,
,,,,,,,,,,6,,SHIELD,6,GPIO,0,0,BLOCK,,,,,,,,,,,,,,,,,,,,,,,,,,,,,,,,,,,,,,,,,,,,,,,,,,,,,,,
,,,,,,,,,,7,,SHIELD,7,GPIO,0,0,BLOCK,,,,,,,,,,,,,,,,,,,,,,,,,,,,,,,,,,,,,,,,,,,,,,,,,,,,,,,
,,,,,,,,,,8,,SHIELD,8,GPIO,0,0,BLOCK,,,,,,,,,,,,,,,,,,,,,,,,,,,,,,,,,,,,,,,,,,,,,,,,,,,,,,,
,,,,,,,,,,9,,SHIELD,9,GPIO,0,0,BLOCK,,,,,,,,,,,,,,,,,,,,,,,,,,,,,,,,,,,,,,,,,,,,,,,,,,,,,,,
,,,,,,,,,,10,,SHIELD,10,GPIO,0,0,BLOCK,,,,,,,,,,,,,,,,,,,,,,,,,,,,,,,,,,,,,,,,,,,,,,,,,,,,,,,
,,,,,,,,,,11,,SHIELD,11,GPIO,0,0,BLOCK,,,,,,,,,,,,,,,,,,,,,,,,,,,,,,,,,,,,,,,,,,,,,,,,,,,,,,,
,,,,,,,,,,12,,SHIELD,12,GPIO,0,0,BLOCK,,,,,,,,,,,,,,,,,,,,,,,,,,,,,,,,,,,,,,,,,,,,,,,,,,,,,,,
,,,,,,,,,,13,,SHIELD,13,GPIO,0,0,BLOCK,,,,,,,,,,,,,,,,,,,,,,,,,,,,,,,,,,,,,,,,,,,,,,,,,,,,,,,
,,,,,,,,,ANALOG,0,,SHIELD,A3,ANALOG,0,0,BLOCK,,,,,,,,,,,,,,,,,,,,,,,,,,,,,,,,,,,,,,,,,,,,,,,,,,,,,,,
,,,,,,,,,,1,,SHIELD,A2,ANALOG,0,0,BLOCK,,,,,,,,,,,,,,,,,,,,,,,,,,,,,,,,,,,,,,,,,,,,,,,,,,,,,,,
,,,,,,,,,,2,,SHIELD,A1,ANALOG,0,0,BLOCK,,,,,,,,,,,,,,,,,,,,,,,,,,,,,,,,,,,,,,,,,,,,,,,,,,,,,,,
,,,,,,,,,,3,,SHIELD,A0,ANALOG,0,0,BLOCK,,,,,,,,,,,,,,,,,,,,,,,,,,,,,,,,,,,,,,,,,,,,,,,,,,,,,,,
,,,,,,,,,NC,0,,SHIELD,VIN,VIN,0,0,BLOCK,,,,,,,,,,,,,,,,,,,,,,,,,,,,,,,,,,,,,,,,,,,,,,,,,,,,,,,
,,,,,,,,,,1,,SHIELD,GND,GND,0,0,BLOCK,,,,,,,,,,,,,,,,,,,,,,,,,,,,,,,,,,,,,,,,,,,,,,,,,,,,,,,
,,,,,,,,,,2,,SHIELD,GND,GND,0,0,BLOCK,,,,,,,,,,,,,,,,,,,,,,,,,,,,,,,,,,,,,,,,,,,,,,,,,,,,,,,
,,,,,,,,,,3,,SHIELD,RESET,RESET,0,0,BLOCK,,,,,,,,,,,,,,,,,,,,,,,,,,,,,,,,,,,,,,,,,,,,,,,,,,,,,,,
,,,,,,,,,,4,,SHIELD,IOREF,IOREF,0,0,BLOCK,,,,,,,,,,,,,,,,,,,,,,,,,,,,,,,,,,,,,,,,,,,,,,,,,,,,,,,
,,,,,,,,,,5,,SHIELD,AREF,AREF,0,0,BLOCK,,,,,,,,,,,,,,,,,,,,,,,,,,,,,,,,,,,,,,,,,,,,,,,,,,,,,,,
Adafruit-1119,Adafruit,Tactile Switch Button,https://www.adafruit.com/product/1119,PERIPHERAL,,BREAKOUT_BOARD_TWOSIDE,119,82,GPIO,0,,WIRE,S1A,GPIO,31.785,42.489,USE_BLOCK,0,MCU_1,0,GPIO,0,Button,Wait For Press,,,,,,,,,,,,,,,,,,,,,,,ARDUINO,MP_GenericButton,,,S1A,WIRE,GPIO_1,INOUT,,,31.785,42.489,GPIO_1,Button,Wait For Press,isPressed,,,,,,,,,,
,,,,,,,,,POWER5V,0,,WIRE,S1B,GND,2.984,0.002,USE,,,,POWER5V,0,,Wait For Release,,,,,,,,,,,,,,,,,,,,,,,,,,,S1B,WIRE,POWER,GND,5,5,2.984,0.002,,,Wait For Release,isReleased,,,,,,,,,,
,,,,,,,,,,,,,VCC,VCC_5V,117.42,60.299,USE,,,1,GPIO,0,,,,,,,,,,,,,,,,,,,,,,,,,,,,,VCC,WIRE,POWER,VCC,5,5,117.42,60.299,,,,,,,,,,,,,,
,,,,,,,,,POWER3V,0,,WIRE,S1B,GND,2.984,0.002,USE,,,,POWER3V,0,,,,,,,,,,,,,,,,,,,,,,,,,,,,,,,,,,,,,,,,,,,,,,,,,,
,,,,,,,,,,,,,VCC,VCC_3V,117.42,60.299,USE,,,,,,,,,,,,,,,,,,,,,,,,,,,,,,,,,,,,,,,,,,,,,,,,,,,,,,,
COM-09590,Sparkfun,LED - Basic Red 5mm,https://www.sparkfun.com/products/9590,PERIPHERAL,,BREAKOUT_BOARD_ONESIDE,111,129,POWER5V,0,,WIRE,GND,GND,9.054,107.646,USE,0,MCU_1,0,PWM,0,LED,,,,,,,,,,On,Brightness,DOUBLE,0,100,100,PERCENT,,,,,,,,ARDUINO,MP_LED,,,GND,WIRE,POWER,GND,5,5,9.054,107.646,PWM_1,LED,On,Brightness,0,100,PERCENT,,,,,,,
,,,,,,,,,POWER3V,0,,WIRE,GND,GND,9.054,107.646,USE,,,,POWER3V,0,,,,,,,,,,,Off,,,,,,,,,,,,,,,,,,V+,WIRE,PWM_1,INOUT,1.8,5,109.966,107,,,Off,,,,,,,,,,,
,,,,,,,,,PWM,0,,WIRE,V+,PWM,109.966,107,USE_BLOCK,,,1,PWM,0,,,,,,,,,,,,,,,,,,,,,,,,,,,,,,,,,,,,,,,,,,,,,,,,,,
,,,,,,,,,,,,,,,,,,,,,POWER5V,0,,,,,,,,,,,,,,,,,,,,,,,,,,,,,,,,,,,,,,,,,,,,,,,,,,
Adafruit-1334,Adafruit,RGB Color Sensor with IR filter and White LED - TCS34725,https://www.adafruit.com/product/1334,PERIPHERAL,,BREAKOUT_BOARD_ONESIDE,116,117,POWER5V,0,,WIRE,LED,VCC_5V,14.401,106.559,USE,0,MCU_1,0,I2C,0,Color,Detect Color,Color,ENUM,,,,,Red,Red,,,,,,,,,,,,,,,ARDUINO,Adafruit_TCS34725,,,LED,WIRE,POWER,VCC,3.3,5,14.401,106.559,I2C_1,Color,Detect Color,Color,,,,Red,,,,,,
,,,,,,,,,,,,,GND,GND,86.401,106.559,USE,,,,POWER5V,0,,,,,,,,,Green,,,,,,,,,,,,,,,,,MP_TCS34725,,,INT,WIRE,,,,,28.801,106.559,,,,,,,,Green,,,,,,
,,,,,,,,,,,,,VIN,VCC_5V,100.801,106.559,USE,,,1,I2C,0,,,,,,,,,Blue,,,,,,,,,,,,,,,,,,,,SDA,WIRE,I2C_1,I2C_SDA,3.3,5,43.201,106.559,,,,,,,,Blue,,,,,,
,,,,,,,,,POWER3V,0,,WIRE,LED,VCC_3V,14.401,106.559,USE,,,,POWER3V,0,,,,,,,,,Cyan,,,,,,,,,,,,,,,,,,,,SCL,WIRE,I2C_1,I2C_SCL,3.3,5,57.601,106.559,,,,,,,,Cyan,,,,,,
,,,,,,,,,,,,,GND,GND,86.401,106.559,USE,,,,,,,,,,,,,,Magenta,,,,,,,,,,,,,,,,,,,,3V3,WIRE,,,,,72.001,106.559,,,,,,,,Magenta,,,,,,
,,,,,,,,,,,,,VIN,VCC_3V,100.801,106.559,USE,,,,,,,,,,,,,,Yellow,,,,,,,,,,,,,,,,,,,,GND,WIRE,POWER,GND,3.3,5,86.401,106.559,,,,,,,,Yellow,,,,,,
,,,,,,,,,I2C,0,,WIRE,SDA,I2C_SDA,43.201,106.559,USE,,,,,,,,,,,,,,,,,,,,,,,,,,,,,,,,,,VIN,WIRE,POWER,VCC,3.5,5,100.801,106.559,,,,,,,,,,,,,,
,,,,,,,,,,,,,SCL,I2C_SCL,57.601,106.559,USE,,,,,,,,,,,,,,,,,,,,,,,,,,,,,,,,,,,,,,,,,,,,,,,,,,,,,,,
,,,,,,,,,NC,0,,WIRE,3V3,NC,72.001,106.559,NO_OP,,,,,,,,,,,,,,,,,,,,,,,,,,,,,,,,,,,,,,,,,,,,,,,,,,,,,,,
,,,,,,,,,,,,,INT,NC,28.801,106.559,NO_OP,,,,,,,,,,,,,,,,,,,,,,,,,,,,,,,,,,,,,,,,,,,,,,,,,,,,,,,
Arduitronics-220,Arduitronics,"4 digit display LED module clock for Arduino 0.36""",https://www.arduitronics.com/product/220/seven-segment-4-digit-clock-display-0-36-inches-catalex,PERIPHERAL,,STANDALONE,372,153,GPIO,0,,WIRE,CLK,GPIO,321,53.3,USE_BLOCK,0,MCU_1,0,GPIO,0,7 Segment,,,,,,,,,,Show Value,Value,VALUE,,,,,,,,,,,,ARDUINO,MP_7segI2C_Colon,,,CLK,WIRE,GPIO_1,INOUT,3.3,5,321,53.3,GPIO_1,7 Segment,Show Value,Value,,,,,,,,,,
,,,,,,,,,,1,,WIRE,DIO,GPIO,321,67.8,USE_BLOCK,,,,,1,,,,,,,,,,,Show Data,Data,INTEGER,-999,9999,1000,NUMBER,,,,,,,,,TM1637Display,,,DIO,WIRE,GPIO_2,INOUT,3.3,5,321,67.8,GPIO_2,,Show Data,Data,0,9999,NUMBER,,,,,,,
,,,,,,,,,POWER5V,0,,WIRE,VCC,VCC_5V,321,82.3,USE,,,,POWER5V,0,,,,,,,,,,,Off,,,,,,,,,,,,,,,,,,VCC,WIRE,POWER,VCC,3.3,5,321,82.3,,,Off,,,,,,,,,,,
,,,,,,,,,,,,,GND,GND,321,96.8,USE,,,1,GPIO,0,,,,,,,,,,,Set Brightness,Brightness,INTEGER,0,100,100,PERCENT,,,,,,,,,,,,GND,WIRE,POWER,GND,3.3,5,321,96.8,,,Set Brightness,Brightness,,,,0,,,,,,
,,,,,,,,,POWER3V,0,,WIRE,VCC,VCC_3V,321,82.3,USE,,,,,1,,,,,,,,,,,,,,,,,,,,,,,,,,,,,,,,,,,,,,,,,,,,1,,,,,,
,,,,,,,,,,,,,GND,GND,321,96.8,USE,,,,POWER3V,0,,,,,,,,,,,,,,,,,,,,,,,,,,,,,,,,,,,,,,,,,,,,2,,,,,,
Arduinoall-1015,Arduinoall,Active Buzzer DC 1.5V-12V,https://www.arduinoall.com/product/1015/active-buzzer-dc-1-5v-12v-buzzer,PERIPHERAL,,BREAKOUT_BOARD_ONESIDE,158,155,GPIO,0,,WIRE,VCC,GPIO,85.742,151.8,USE_BLOCK,0,MCU_1,0,GPIO,0,Piezo,,,,,,,,,,Play,Tone Frequency,DOUBLE,0,10000,2000,HERTZ,,,,,,,,ARDUINO,MP_Piezo,,,VCC,WIRE,GPIO_1,INOUT,1.5,12,85.742,151.8,GPIO_1,Piezo,Play,Tone Frequency,0,10000,HERTZ,,,,,,,
,,,,,,,,,POWER5V,0,,WIRE,GND,GND,71.279,151.8,USE,,,,POWER5V,0,,,,,,,,,,,,Duration,DOUBLE,0,1000,1,SECOND,,,,,,,,,,,,GND,WIRE,POWER,GND,1.5,12,71.279,151.8,,,,Duration,0,1000,SECOND,,,,,,,
,,,,,,,,,POWER3V,0,,WIRE,GND,GND,71.279,151.8,USE,,,1,GPIO,0,,,,,,,,,,,Beep,Tone Frequency,DOUBLE,0,10000,2000,HERTZ,,,,,,,,,,,,,,,,,,,,,,Beep,Tone Frequency,0,10000,HERTZ,,,,,,,
,,,,,,,,,,,,,,,,,,,,,POWER3V,0,,,,,,,,,,,,,,,,,,,,,,,,,,,,,,,,,,,,,,,,,,,,,,,,,,
Arduinoall-332,Arduinoall,RGB LED Module Common Cathode,https://www.arduinoall.com/product/332/rgb-3-color-full-color-ky-016-led-module-for-arduino-avr-pic,PERIPHERAL,,BREAKOUT_BOARD_ONESIDE,86,107,GPIO,0,,WIRE,R,GPIO,20.743,90.968,USE_BLOCK,0,MCU_1,0,GPIO,0,RGB LED,,,,,,,,,,On,Color,ENUM,,,,,Red,Red,,,,,,ARDUINO,MP_RGB_LED_CC,,,R,WIRE,GPIO_1,INOUT,5,5,20.743,90.968,GPIO_1,RGB LED,On,Color,,,,Red,,,,,,
,,,,,,,,,,1,,WIRE,G,GPIO,35.144,90.968,USE_BLOCK,,,,,1,,,,,,,,,,,,,,,,,,Green,,,,,,,,,,,G,WIRE,GPIO_2,INOUT,5,5,35.144,90.968,GPIO_2,,,,,,,Green,,,,,,
,,,,,,,,,,2,,WIRE,B,GPIO,49.544,90.968,USE_BLOCK,,,,,2,,,,,,,,,,,,,,,,,,Blue,,,,,,,,,,,B,WIRE,GPIO_3,INOUT,5,5,49.544,90.968,GPIO_3,,,,,,,Blue,,,,,,
,,,,,,,,,POWER5V,0,,WIRE,-,GND,63.944,90.968,USE,,,,POWER5V,0,,,,,,,,,,,,,,,,,,Cyan,,,,,,,,,,,-,WIRE,POWER,GND,5,5,63.944,90.968,,,,,,,,Cyan,,,,,,
,,,,,,,,,,,,,,,,,,,,,,,,,,,,,,,,,,,,,,,,Magenta,,,,,,,,,,,,,,,,,,,,,,,,,,Magenta,,,,,,
,,,,,,,,,,,,,,,,,,,,,,,,,,,,,,,,,,,,,,,,Yellow,,,,,,,,,,,,,,,,,,,,,,,,,,Yellow,,,,,,
,,,,,,,,,,,,,,,,,,,,,,,,,,,,,,,,,,,,,,,,White,,,,,,,,,,,,,,,,,,,,,,,,,,White,,,,,,
,,,,,,,,,,,,,,,,,,,,,,,,,,,,,,,,,,,,,,,,,,,,,,,,,,,,,,,,,,,,,Off,,,,,,,,,,,
MCU_1,Arduino,Arduino UNO,https://www.sparkfun.com/products/13975,CONTROLLER,uno,STANDALONE,425,303,UART,0,,WIRE,0,UART_RX,493.5,21.907,CREATE,,,,,,,,,,,,,,,,,,,,,,,,,,,,,,ARDUINO,,,,0,WIRE,UART_1,UART_RX,5,5,395.56,14.4,GPIO_1,,,,,,,,,,,,,
,,,,,,,,,,,,,1,UART_TX,474.5,21.907,CREATE,,,,,,,,,,,,,,,,,,,,,,,,,,,,,,,,,,1,WIRE,UART_1,UART_TX,5,5,381.16,14.4,GPIO_2,,,,,,,,,,,,,
,,,,,,,,,GPIO,0,,WIRE,0,GPIO,493.5,21.907,CREATE,,,,,,,,,,,,,,,,,,,,,,,,,,,,,,,,,,2,WIRE,GPIO_1,INOUT,5,5,366.74,14.4,GPIO_3,,,,,,,,,,,,,
,,,,,,,,,,1,,WIRE,1,GPIO,474.5,21.907,CREATE,,,,,,,,,,,,,,,,,,,,,,,,,,,,,,,,,,3,WIRE,PWM_1,INOUT,5,5,352.36,14.4,GPIO_4,,,,,,,,,,,,,
,,,,,,,,,,2,,WIRE,2,GPIO,455.5,21.907,CREATE,,,,,,,,,,,,,,,,,,,,,,,,,,,,,,,,,,,,GPIO_2,INOUT,,,,,GPIO_5,,,,,,,,,,,,,
,,,,,,,,,,3,,WIRE,3,GPIO,435.5,21.907,CREATE,,,,,,,,,,,,,,,,,,,,,,,,,,,,,,,,,,4,WIRE,GPIO_3,INOUT,5,5,337.96,14.4,GPIO_6,,,,,,,,,,,,,
,,,,,,,,,,4,,WIRE,4,GPIO,416,21.907,CREATE,,,,,,,,,,,,,,,,,,,,,,,,,,,,,,,,,,5,WIRE,PWM_2,INOUT,5,5,323.56,14.4,GPIO_7,,,,,,,,,,,,,
,,,,,,,,,,5,,WIRE,5,GPIO,397,21.907,CREATE,,,,,,,,,,,,,,,,,,,,,,,,,,,,,,,,,,,,GPIO_4,INOUT,,,,,GPIO_8,,,,,,,,,,,,,
,,,,,,,,,,6,,WIRE,6,GPIO,378,21.907,CREATE,,,,,,,,,,,,,,,,,,,,,,,,,,,,,,,,,,6,WIRE,PWM_3,INOUT,5,5,309.16,14.4,GPIO_9,,,,,,,,,,,,,
,,,,,,,,,,7,,WIRE,7,GPIO,359,21.907,CREATE,,,,,,,,,,,,,,,,,,,,,,,,,,,,,,,,,,,,GPIO_5,INOUT,,,,,GPIO_10,,,,,,,,,,,,,
,,,,,,,,,,8,,WIRE,8,GPIO,327.5,21.907,CREATE,,,,,,,,,,,,,,,,,,,,,,,,,,,,,,,,,,7,WIRE,GPIO_6,INOUT,5,5,294.74,14.4,GPIO_11,,,,,,,,,,,,,
,,,,,,,,,,9,,WIRE,9,GPIO,308.5,21.907,CREATE,,,,,,,,,,,,,,,,,,,,,,,,,,,,,,,,,,8,WIRE,GPIO_7,INOUT,5,5,271.6,14.4,GPIO_12,,,,,,,,,,,,,
,,,,,,,,,,10,,WIRE,10,GPIO,288.5,21.907,CREATE,,,,,,,,,,,,,,,,,,,,,,,,,,,,,,,,,,9,WIRE,PWM_4,INOUT,5,5,257.2,14.4,UART_1,,,,,,,,,,,,,
,,,,,,,,,,11,,WIRE,11,GPIO,269.5,21.907,CREATE,,,,,,,,,,,,,,,,,,,,,,,,,,,,,,,,,,,,GPIO_8,INOUT,,,,,I2C_1,,,,,,,,,,,,,
,,,,,,,,,,12,,WIRE,12,GPIO,250.5,21.907,CREATE,,,,,,,,,,,,,,,,,,,,,,,,,,,,,,,,,,10,WIRE,PWM_5,INOUT,5,5,242.78,14.4,SPI_1,,,,,,,,,,,,,
,,,,,,,,,,13,,WIRE,13,GPIO,231.5,21.907,CREATE,,,,,,,,,,,,,,,,,,,,,,,,,,,,,,,,,,,,SPI_1,SPI_SS,,,,,PWM_1,,,,,,,,,,,,,
,,,,,,,,,ANALOG,0,,WIRE,A5,ANALOG,492.542,387.372,CREATE,,,,,,,,,,,,,,,,,,,,,,,,,,,,,,,,,,,,GPIO_9,INOUT,,,,,PWM_2,,,,,,,,,,,,,
,,,,,,,,,,1,,WIRE,A4,ANALOG,473.475,387.372,CREATE,,,,,,,,,,,,,,,,,,,,,,,,,,,,,,,,,,11,WIRE,PWM_6,INOUT,5,5,228.38,14.4,PWM_3,,,,,,,,,,,,,
,,,,,,,,,,2,,WIRE,A3,ANALOG,454.408,387.372,CREATE,,,,,,,,,,,,,,,,,,,,,,,,,,,,,,,,,,,,SPI_2,SPI_MOSI,,,,,PWM_4,,,,,,,,,,,,,
,,,,,,,,,,3,,WIRE,A2,ANALOG,435.341,387.372,CREATE,,,,,,,,,,,,,,,,,,,,,,,,,,,,,,,,,,,,GPIO_10,INOUT,,,,,PWM_5,,,,,,,,,,,,,
,,,,,,,,,,4,,WIRE,A1,ANALOG,416.274,387.372,CREATE,,,,,,,,,,,,,,,,,,,,,,,,,,,,,,,,,,12,WIRE,SPI_3,SPI_MISO,5,5,214,14.4,PWM_6,,,,,,,,,,,,,
,,,,,,,,,,5,,WIRE,A0,ANALOG,397.207,387.372,CREATE,,,,,,,,,,,,,,,,,,,,,,,,,,,,,,,,,,,,GPIO_11,INOUT,,,,,ANALOG_0,,,,,,,,,,,,,
,,,,,,,,,PWM,0,,WIRE,3,PWM,435.5,21.907,CREATE,,,,,,,,,,,,,,,,,,,,,,,,,,,,,,,,,,13,WIRE,SPI_4,SPI_SCK,5,5,199.6,14.4,ANALOG_1,,,,,,,,,,,,,
,,,,,,,,,,1,,WIRE,5,PWM,397,21.907,CREATE,,,,,,,,,,,,,,,,,,,,,,,,,,,,,,,,,,,,GPIO_12,INOUT,,,,,ANALOG_2,,,,,,,,,,,,,
,,,,,,,,,,2,,WIRE,6,PWM,378,21.907,CREATE,,,,,,,,,,,,,,,,,,,,,,,,,,,,,,,,,,GND,WIRE,POWER,GND,5,5,185.2,14.4,ANALOG_3,,,,,,,,,,,,,
,,,,,,,,,,3,,WIRE,9,PWM,308.5,21.907,CREATE,,,,,,,,,,,,,,,,,,,,,,,,,,,,,,,,,,AREF,WIRE,,,,,170.8,14.4,,,,,,,,,,,,,,
,,,,,,,,,,4,,WIRE,10,PWM,288.5,21.907,CREATE,,,,,,,,,,,,,,,,,,,,,,,,,,,,,,,,,,SDA,WIRE,I2C_1,I2C_SDA,5,5,156.4,14.4,,,,,,,,,,,,,,
,,,,,,,,,,5,,WIRE,11,PWM,269.5,21.907,CREATE,,,,,,,,,,,,,,,,,,,,,,,,,,,,,,,,,,SCL,WIRE,I2C_1,I2C_SCL,5,5,142,14.4,,,,,,,,,,,,,,
,,,,,,,,,SPI,0,,WIRE,10,SPI_SS,288.5,21.907,CREATE,,,,,,,,,,,,,,,,,,,,,,,,,,,,,,,,,,IOREF,WIRE,,,,,208.36,288,,,,,,,,,,,,,,
,,,,,,,,,,,,,11,SPI_MOSI,269.5,21.907,CREATE,,,,,,,,,,,,,,,,,,,,,,,,,,,,,,,,,,RESET,WIRE,,,,,222.76,288,,,,,,,,,,,,,,
,,,,,,,,,,,,,12,SPI_MISO,250.5,21.907,CREATE,,,,,,,,,,,,,,,,,,,,,,,,,,,,,,,,,,3.3V,WIRE,,,,,237.16,288,,,,,,,,,,,,,,
,,,,,,,,,,,,,13,SPI_SCK,231.5,21.907,CREATE,,,,,,,,,,,,,,,,,,,,,,,,,,,,,,,,,,5V,WIRE,POWER,VCC,5,5,251.56,288,,,,,,,,,,,,,,
,,,,,,,,,POWER5V,0,,WIRE,GND,GND,319.626,387.372,CREATE,,,,,,,,,,,,,,,,,,,,,,,,,,,,,,,,,,GND,WIRE,POWER,GND,5,5,265.96,288,,,,,,,,,,,,,,
,,,,,,,,,,,,,5V,VCC_5V,300.559,387.372,CREATE,,,,,,,,,,,,,,,,,,,,,,,,,,,,,,,,,,GND,WIRE,POWER,GND,5,5,280.36,288,,,,,,,,,,,,,,
,,,,,,,,,POWER3V,0,,WIRE,3.3V,VCC_3V,281.492,387.372,CREATE,,,,,,,,,,,,,,,,,,,,,,,,,,,,,,,,,,VIN,WIRE,,,,,294.76,288,,,,,,,,,,,,,,
,,,,,,,,,,,,,GND,GND,319.626,387.372,CREATE,,,,,,,,,,,,,,,,,,,,,,,,,,,,,,,,,,A0,WIRE,ANALOG_0,INOUT,5,5,323.56,288,,,,,,,,,,,,,,
,,,,,,,,,I2C,0,,WIRE,A4,I2C_SDA,174.5,21.907,CREATE,,,,,,,,,,,,,,,,,,,,,,,,,,,,,,,,,,A1,WIRE,ANALOG_1,INOUT,5,5,337.96,288,,,,,,,,,,,,,,
,,,,,,,,,,,,,A5,I2C_SCL,154.5,21.907,CREATE,,,,,,,,,,,,,,,,,,,,,,,,,,,,,,,,,,A2,WIRE,ANALOG_2,INOUT,5,5,352.36,288,,,,,,,,,,,,,,
,,,,,,,,,NC,0,,WIRE,VIN,VIN,357.76,387.372,CREATE,,,,,,,,,,,,,,,,,,,,,,,,,,,,,,,,,,A3,WIRE,ANALOG_3,INOUT,5,5,366.76,288,,,,,,,,,,,,,,
,,,,,,,,,,1,,WIRE,GND,GND,212.5,21.907,CREATE,,,,,,,,,,,,,,,,,,,,,,,,,,,,,,,,,,A4,WIRE,,INOUT,5,5,381.16,288,,,,,,,,,,,,,,
,,,,,,,,,,2,,WIRE,GND,GND,338.693,387.372,CREATE,,,,,,,,,,,,,,,,,,,,,,,,,,,,,,,,,,A5,WIRE,,INOUT,5,5,395.56,288,,,,,,,,,,,,,,
,,,,,,,,,,3,,WIRE,RESET,RESET,262.425,387.372,CREATE,,,,,,,,,,,,,,,,,,,,,,,,,,,,,,,,,,,,,,,,,,,,,,,,,,,,,,,
,,,,,,,,,,4,,WIRE,IOREF,IOREF,243.358,387.372,CREATE,,,,,,,,,,,,,,,,,,,,,,,,,,,,,,,,,,,,,,,,,,,,,,,,,,,,,,,
,,,,,,,,,,5,,WIRE,AREF,AREF,193.5,21.907,CREATE,,,,,,,,,,,,,,,,,,,,,,,,,,,,,,,,,,,,,,,,,,,,,,,,,,,,,,,
Arduinoall-1533,Aduinoall,Ultrasonic Sensor Module HC-SR04P,https://i.lnwfile.com/_/i/_raw/9u/ew/hl.jpg,PERIPHERAL,,BREAKOUT_BOARD_ONESIDE,228,129.811,POWER5V,0,,WIRE,VIN,VCC_5V,91.572,129.811,USE,0,MCU_1,0,GPIO,0,Distance,Compare,,,,,,,,,,,,,,,,,,Distance,DOUBLE,0.02,4.5,METER,ARDUINO,MP_HC_SR04P,,,VIN,WIRE,POWER,VCC,3.3,5,91.572,129.811,,Distance,Compare,,,,,,Distance,0.02,4.5,METER,,
,,,,,,,,,,,,,GND,GND,134.894,129.811,USE,,,,,1,,,,,,,,,,,,,,,,,,,,,,,,,,,,,GND,WIRE,POWER,GND,3.3,5,134.894,129.811,,,,,,,,,,,,,,
,,,,,,,,,POWER3V,0,,WIRE,VIN,VCC_3V,91.572,129.811,USE,,,,POWER5V,0,,,,,,,,,,,,,,,,,,,,,,,,,,,,,TRIG,WIRE,GPIO_1,INOUT,3.3,5,105.692,129.811,GPIO_1,,,,,,,,,,,,,
,,,,,,,,,,,,,GND,GND,134.894,129.811,USE,,,1,GPIO,0,,,,,,,,,,,,,,,,,,,,,,,,,,,,,ECHO,WIRE,GPIO_2,INOUT,3.3,5,120.456,129.811,GPIO_2,,,,,,,,,,,,,
,,,,,,,,,GPIO,0,,WIRE,TRIG,GPIO,105.692,129.811,USE_BLOCK,,,,,1,,,,,,,,,,,,,,,,,,,,,,,,,,,,,,,,,,,,,,,,,,,,,,,,,,
,,,,,,,,,,1,,WIRE,ECHO,GPIO,120.456,129.811,USE_BLOCK,,,,POWER3V,0,,,,,,,,,,,,,,,,,,,,,,,,,,,,,,,,,,,,,,,,,,,,,,,,,,
Arduinoall-115,Arduinoall,RGB Color Sensor with IR filter and White LED - TCS34725,https://www.arduinoall.com/product/155/%E0%B9%82%E0%B8%A1%E0%B8%94%E0%B8%B9%E0%B8%A5-%E0%B8%A7%E0%B8%B1%E0%B8%94%E0%B8%84%E0%B9%88%E0%B8%B2%E0%B8%AA%E0%B8%B5-%E0%B8%AD%E0%B9%88%E0%B8%B2%E0%B8%99%E0%B8%84%E0%B9%88%E0%B8%B2%E0%B8%AA%E0%B8%B5-%E0%B9%80%E0%B8%8B%E0%B8%99%E0%B9%80%E0%B8%8B%E0%B8%AD%E0%B8%A3%E0%B9%8C%E0%B8%AA%E0%B8%B5-rgb-colour-sensor-tcs230-tcs3200-%E0%B8%AA%E0%B8%B3%E0%B8%AB%E0%B8%A3%E0%B8%B1%E0%B8%9A-arduino-2,PERIPHERAL,,STANDALONE,198,198,POWER5V,0,,WIRE,VIN,VCC_5V,9.688,62.938,USE,0,MCU_1,0,GPIO,0,Color,Detect Color,Color,ENUM,,,,,Red,Red,,,,,,,,,,,,,,,ARDUINO,MP_TCS3200,,,VIN,WIRE,POWER,VCC,3.5,5,9.688,62.938,,Color,Detect Color,Color,,,,Red,,,,,,
,,,,,,,,,,,,,GND,GND,9.688,135.063,USE,,,,,1,,,,,,,,,Green,,,,,,,,,,,,,,,,,,,,S1,WIRE,GPIO_2,INOUT,5,5,9.688,81,GPIO_2,,,,,,,Green,,,,,,
,,,,,,,,,POWER3V,0,,WIRE,VIN,VCC_3V,9.688,62.938,USE,,,,,2,,,,,,,,,Blue,,,,,,,,,,,,,,,,,,,,,,,,,,,,,,,,,,,,,,,,,
,,,,,,,,,,,,,GND,GND,9.688,135.063,USE,,,,,3,,,,,,,,,Cyan,,,,,,,,,,,,,,,,,,,,,,,,,,,,,,,,,,,,,,,,,
,,,,,,,,,GPIO,0,,WIRE,S1,GPIO,9.688,81,USE_BLOCK,,,,,4,,,,,,,,,Magenta,,,,,,,,,,,,,,,,,,,,S0,WIRE,GPIO_1,INOUT,5,5,9.688,99,GPIO_1,,,,,,,Blue,,,,,,
,,,,,,,,,,1,,WIRE,S0,GPIO,9.688,99,USE_BLOCK,,,,,5,,,,,,,,,Yellow,,,,,,,,,,,,,,,,,,,,LED,WIRE,GPIO_6,INOUT,5,5,9.688,117,GPIO_6,,,,,,,Cyan,,,,,,
,,,,,,,,,,2,,WIRE,LED,GPIO,9.688,117,USE_BLOCK,,,,POWER5V,0,,,,,,,,,,,,,,,,,,,,,,,,,,,,,GND,WIRE,POWER,GND,3.3,5,9.688,135.063,,,,,,,,Magenta,,,,,,
,,,,,,,,,,3,,WIRE,S3,GPIO,187.375,80.813,USE_BLOCK,,,1,GPIO,0,,,,,,,,,,,,,,,,,,,,,,,,,,,,,S3,WIRE,GPIO_4,INOUT,5,5,187.375,80.813,GPIO_4,,,,,,,Yellow,,,,,,
,,,,,,,,,,4,,WIRE,S2,GPIO,187.375,98.813,USE_BLOCK,,,,,1,,,,,,,,,,,,,,,,,,,,,,,,,,,,,S2,WIRE,GPIO_3,INOUT,5,5,187.375,98.813,GPIO_3,,,,,,,,,,,,,
,,,,,,,,,,5,,WIRE,OUT,GPIO,187.375,116.813,USE_BLOCK,,,,,2,,,,,,,,,,,,,,,,,,,,,,,,,,,,,OUT,WIRE,GPIO_5,INOUT,5,5,187.375,116.813,GPIO_5,,,,,,,,,,,,,
,,,,,,,,,,,,,,,,,,,,,,3,,,,,,,,,,,,,,,,,,,,,,,,,,,,,,,,,,,,,,,,,,,,,,,,,,
,,,,,,,,,,,,,,,,,,,,,,4,,,,,,,,,,,,,,,,,,,,,,,,,,,,,,,,,,,,,,,,,,,,,,,,,,
,,,,,,,,,,,,,,,,,,,,,,5,,,,,,,,,,,,,,,,,,,,,,,,,,,,,,,,,,,,,,,,,,,,,,,,,,
,,,,,,,,,,,,,,,,,,,,,POWER3V,0,,,,,,,,,,,,,,,,,,,,,,,,,,,,,,,,,,,,,,,,,,,,,,,,,,
Arduinoall-967,Arduinoall,RGB LED Module Common Anode,https://www.arduinoall.com/product/967/rgb-led-10mm-module-%E0%B9%82%E0%B8%A1%E0%B8%94%E0%B8%B9%E0%B8%A5-led-rgb-3-%E0%B8%AA%E0%B8%B5%E0%B8%82%E0%B8%99%E0%B8%B2%E0%B8%94-10mm,PERIPHERAL,,BREAKOUT_BOARD_ONESIDE,86,107,GPIO,0,,WIRE,R,GPIO,35.144,90.968,USE_BLOCK,0,MCU_1,0,GPIO,0,RGB LED,,,,,,,,,,On,Color,ENUM,,,,,Red,Red,,,,,,ARDUINO,MP_RGB_LED_CA,,,R,WIRE,GPIO_3,INOUT,5,5,35.144,90.968,GPIO_3,RGB LED,On,Color,,,,Red,,,,,,
,,,,,,,,,,1,,WIRE,G,GPIO,63.944,90.968,USE_BLOCK,,,,,1,,,,,,,,,,,,,,,,,,Green,,,,,,,,,,,G,WIRE,GPIO_1,INOUT,5,5,63.944,90.968,GPIO_1,,,,,,,Green,,,,,,
,,,,,,,,,,2,,WIRE,B,GPIO,49.544,90.968,USE_BLOCK,,,,,2,,,,,,,,,,,,,,,,,,Blue,,,,,,,,,,,B,WIRE,GPIO_2,INOUT,5,5,49.544,90.968,GPIO_2,,,,,,,Blue,,,,,,
,,,,,,,,,POWER5V,0,,WIRE,V,VCC_5V,20.743,90.968,USE,,,,POWER5V,0,,,,,,,,,,,,,,,,,,Cyan,,,,,,,,,,,V,WIRE,POWER,VCC,5,5,20.743,90.968,,,,,,,,Cyan,,,,,,
,,,,,,,,,,,,,,,,,,,,,,,,,,,,,,,,,,,,,,,,Magenta,,,,,,,,,,,,,,,,,,,,,,,,,,Magenta,,,,,,
,,,,,,,,,,,,,,,,,,,,,,,,,,,,,,,,,,,,,,,,Yellow,,,,,,,,,,,,,,,,,,,,,,,,,,Yellow,,,,,,
,,,,,,,,,,,,,,,,,,,,,,,,,,,,,,,,,,,,,,,,White,,,,,,,,,,,,,,,,,,,,,,,,,,White,,,,,,
,,,,,,,,,,,,,,,,,,,,,,,,,,,,,,,,,Off,,,,,,,,,,,,,,,,,,,,,,,,,,,,Off,,,,,,,,,,,
Arduinoall-98,Arduinoall,Light Dependent Resistor LDR 5MM Photoresistor,https://www.arduinoall.com/product/98/light-dependent-resistor-ldr-5mm-photoresistor,PERIPHERAL,,BREAKOUT_BOARD_ONESIDE,132.212,40.201,POWER5V,0,,WIRE,VCC,VCC_5V,1.531,19.764,USE,0,MCU_1,0,ANALOG,0,Light,Compare,,,,,,,,,,,,,,,,,,Percent,DOUBLE,0,100,PERCENT,ARDUINO,MP_OneAnalogReadToPercent,,,VCC,WIRE,POWER,VCC,5,5,1.531,19.764,,Light,Compare,,,,,,Percent,0,100,PERCENT,,
,,,,,,,,,,,,,GND,GND,132.212,22.0465,USE,,,,POWER5V,0,,,,,,,,,,,,,,,,,,,,,,,,,,,,,SIGNAL,WIRE,ANALOG_1,INOUT,5,5,45.2,31.9095,ANALOG_1,,,,,,,,,,,,,
,,,,,,,,,ANALOG,0,,WIRE,SIGNAL,ANALOG,45.2,31.9095,USE_BLOCK,,,,,,,,,,,,,,,,,,,,,,,,,,,,,,,,,,GND,WIRE,POWER,GND,5,5,132.212,22.0465,,,,,,,,,,,,,,
Arduinoall-737,Arduinoall,Fan DC Motor Module L9110 Fan Module for Arduino,https://www.arduinoall.com/product/737/fan-dc-motor-module-l9110-fan-module-for-arduino,PERIPHERAL,,STANDALONE,235.329,241.152,PWM,0,,WIRE,INA,PWM,75.983,128.556,USE_BLOCK,0,MCU_1,0,PWM,0,DC Motor,,,,,,,,,,On,Direction,ENUM,,,,,Forward,Forward,,,,,,ARDUINO,MP_Arduinoall_Fan,,,INA,WIRE,PWM_1,INOUT,5,5,75.983,128.556,PWM_1,DC Motor,On,Direction,,,,Forward,,,,,,
,,,,,,,,,,1,,WIRE,INB,PWM,61.67,128.556,USE_BLOCK,,,,,1,,,,,,,,,,,,,,,,,,Backward,,,,,,,,,,,INB,WIRE,PWM_2,INOUT,5,5,61.67,128.556,PWM_2,,,,,,,Backward,,,,,,
,,,,,,,,,POWER5V,0,,WIRE,VCC,VCC_5V,90.296,128.556,USE,,,,POWER5V,0,,,,,,,,,,,,Speed,DOUBLE,0,100,80,PERCENT,,,,,,,,,,,,VCC,WIRE,,,,,90.296,128.556,,,,Speed,0,100,PERCENT,,,,,,,
,,,,,,,,,,,,,GND,GND,104.609,128.556,USE,,,,,,,,,,,,,,,,Off,,,,,,,,,,,,,,,,,,GND,WIRE,POWER,GND,5,5,104.609,128.556,,,Off,,,,,,,,,,,
Arduinoall-184,Arduinoall,Soil Moisture Sensor Module,https://www.arduinoall.com/product/184/soil-moisture-sensor-module,PERIPHERAL,,STANDALONE,210.63,388.242,POWER5V,0,,WIRE,VCC,VCC_5V,192.908,215.451,USE,0,MCU_1,0,ANALOG,0,Humidity,Compare,,,,,,,,,,,,,,,,,,Humidity,DOUBLE,0,100,PERCENT,ARDUINO,MP_Soil,,,VCC,WIRE,POWER,VCC,3.3,5,192.908,215.451,,Humidity,Compare,,,,,,Humidity,0,100,PERCENT,,
,,,,,,,,,,,,,GND,GND,178.51,215.451,USE,,,,POWER5V,0,,,,,,,,,,,,,,,,,,,,,,,,,,,,,GND,WIRE,POWER,GND,3.3,5,178.51,215.451,,,,,,,,,,,,,,
,,,,,,,,,POWER3V,0,,WIRE,VCC,VCC_3V,192.908,215.451,USE,,,1,ANALOG,0,,,,,,,,,,,,,,,,,,,,,,,,,,,,,,,,,,,,,,,,,,,,,,,,,,
,,,,,,,,,,,,,GND,GND,178.51,215.451,USE,,,,POWER3V,0,,,,,,,,,,,,,,,,,,,,,,,,,,,,,,,,,,,,,,,,,,,,,,,,,,
,,,,,,,,,NC,0,,WIRE,D0,NC,164.109,215.451,NO_OP,,,,,,,,,,,,,,,,,,,,,,,,,,,,,,,,,,D0,WIRE,,,3.3,5,164.109,215.451,,,,,,,,,,,,,,
,,,,,,,,,ANALOG,0,,WIRE,A0,ANALOG,149.707,215.451,USE_BLOCK,,,,,,,,,,,,,,,,,,,,,,,,,,,,,,,,,,A0,WIRE,ANALOG_1,INOUT,3.3,5,149.707,215.451,ANALOG_1,,,,,,,,,,,,,
Arduinoall-1701,Arduinoall,Infrared Barrier tracking avoidance Obstacle Sensor Module,https://www.arduinoall.com/product/1701/infrared-barrier-tracking-avoidance-obstacle-sensor-module-%E0%B9%82%E0%B8%A1%E0%B8%94%E0%B8%B9%E0%B8%A5%E0%B8%95%E0%B8%A3%E0%B8%A7%E0%B8%88%E0%B8%88%E0%B8%B1%E0%B8%9A%E0%B9%80%E0%B8%AA%E0%B9%89%E0%B8%99%E0%B9%81%E0%B8%A5%E0%B8%B0%E0%B8%AA%E0%B8%B4%E0%B9%88%E0%B8%87%E0%B8%81%E0%B8%B5%E0%B8%94%E0%B8%82%E0%B8%A7%E0%B8%B2%E0%B8%87%E0%B9%81%E0%B8%9A%E0%B8%9A%E0%B8%AD%E0%B8%B4%E0%B8%99%E0%B8%9F%E0%B8%B2%E0%B9%80%E0%B8%A3%E0%B8%94,PERIPHERAL,,STANDALONE,205,80,GPIO,0,,WIRE,GPIO,GPIO,194,54.4,USE_BLOCK,0,MCU_1,0,GPIO,0,Presence,Detect Human,,,,,,,,,,,,,,,,,,,,,,,ARDUINO,MP_Infrared_Barrier,,,OUT,WIRE,GPIO_1,INOUT,3.3,5,194,54.4,GPIO_1,Presence,Detect Human,isDetected,,,,,,,,,,
,,,,,,,,,POWER5V,0,,WIRE,GND,GND,194,40,USE,,,,,,,No Human,,,,,,,,,,,,,,,,,,,,,,,,,,,GND,WIRE,POWER,GND,3.3,5,194,40,,,No Human,isNotDetected,,,,,,,,,,
,,,,,,,,,,,,,VCC,VCC_5V,194,25.6,USE,,,,,,,,,,,,,,,,,,,,,,,,,,,,,,,,,,VCC,WIRE,POWER,VCC,3.3,5,194,25.6,,,,,,,,,,,,,,
,,,,,,,,,POWER3V,0,,WIRE,GND,GND,194,40,USE,,,,,,,,,,,,,,,,,,,,,,,,,,,,,,,,,,,,,,,,,,,,,,,,,,,,,,,
,,,,,,,,,,,,,VCC,VCC_3V,194,25.6,USE,,,,,,,,,,,,,,,,,,,,,,,,,,,,,,,,,,,,,,,,,,,,,,,,,,,,,,,
Arduinoall-1219,Arduinoall,"4 digit display LED module with dots for Arduino 0.36""",https://www.arduinoall.com/product/1219/%E0%B9%82%E0%B8%A1%E0%B8%94%E0%B8%B9%E0%B8%A5%E0%B9%81%E0%B8%AA%E0%B8%94%E0%B8%87%E0%B8%84%E0%B9%88%E0%B8%B2%E0%B8%95%E0%B8%B1%E0%B8%A7%E0%B9%80%E0%B8%A5%E0%B8%82-4-%E0%B8%AB%E0%B8%A5%E0%B8%B1%E0%B8%81-%E0%B8%82%E0%B8%99%E0%B8%B2%E0%B8%94-0-36-%E0%B8%AA%E0%B8%B5%E0%B9%81%E0%B8%94%E0%B8%87-tm1637-driver,PERIPHERAL,,STANDALONE,372,153,GPIO,0,,WIRE,CLK,GPIO,20.5,52.5,USE_BLOCK,0,MCU_1,0,GPIO,0,7 Segment,,,,,,,,,,Show Value,Value,VALUE,,,,,,,,,,,,ARDUINO,MP_7segI2C,,,CLK,WIRE,GPIO_1,INOUT,3.3,5,20.5,52.5,GPIO_1,7 Segment,Show Value,Value,,,,,,,,,,
,,,,,,,,,,1,,WIRE,DIO,GPIO,20.5,66.5,USE_BLOCK,,,,,1,,,,,,,,,,,Show Data,Data,DOUBLE,-999,9999,1000,NUMBER,,,,,,,,,TM1637Display,,,DIO,WIRE,GPIO_2,INOUT,3.3,5,20.5,66.5,GPIO_2,,Show Data,Data,0,9999,NUMBER,,,,,,,
,,,,,,,,,POWER5V,0,,WIRE,VCC,VCC_5V,20.5,82.5,USE,,,,POWER5V,0,,,,,,,,,,,Off,,,,,,,,,,,,,,,,,,VCC,WIRE,POWER,VCC,3.3,5,20.5,82.5,,,Off,,,,,,,,,,,
,,,,,,,,,,,,,GND,GND,20.5,95.5,USE,,,1,GPIO,0,,,,,,,,,,,Set Brightness,Brightness,DOUBLE,0,100,100,PERCENT,,,,,,,,,,,,GND,WIRE,POWER,GND,3.3,5,20.5,95.5,,,Set Brightness,Brightness,,,,0,,,,,,
,,,,,,,,,POWER3V,0,,WIRE,VCC,VCC_3V,20.5,82.5,USE,,,,,1,,,,,,,,,,,,,,,,,,,,,,,,,,,,,,,,,,,,,,,,,,,,1,,,,,,
,,,,,,,,,,,,,GND,GND,20.5,95.5,USE,,,,POWER3V,0,,,,,,,,,,,,,,,,,,,,,,,,,,,,,,,,,,,,,,,,,,,,2,,,,,,
Arduinoall-653,Arduinoall,DHT11 Digital Temperature and Humidity Sensor DHT11 ,https://www.arduinoall.com/product/653/dht11-digital-temperature-and-humidity-sensor-dht11-%E0%B9%81%E0%B8%9A%E0%B8%9A-pcb-%E0%B8%9E%E0%B8%A3%E0%B9%89%E0%B8%AD%E0%B8%A1%E0%B8%AA%E0%B8%B2%E0%B8%A2%E0%B9%84%E0%B8%9F,PERIPHERAL,,BREAKOUT_BOARD_ONESIDE,93.542,140.332,POWER5V,0,,WIRE,VIN,VCC_5V,32.403,140.332,USE,0,MCU_1,0,GPIO,0,Temperature,Compare,,,,,,,,,,,,,,,,,,Temperature,DOUBLE,0,50,CELSIUS,ARDUINO,MP_DHT11,,,VIN,WIRE,POWER,VCC,3.3,5,32.403,140.332,,Temperature,Compare,,,,,,Temperature,0,50,CELSIUS,,
,,,,,,,,,,,,,GND,GND,61.268,140.332,USE,,,,POWER5V,0,Humidity,Compare,,,,,,,,,,,,,,,,,,Humidity,DOUBLE,20,80,PERCENT,,DHT,,,OUT,WIRE,GPIO_1,INOUT,3.3,5,46.869,140.332,GPIO_1,Humidity,Compare,,,,,,Humidity,20,80,PERCENT,,
,,,,,,,,,POWER3V,0,,WIRE,VIN,VCC_3V,32.403,140.332,USE,,,1,GPIO,0,,,,,,,,,,,,,,,,,,,,,,,,,,,,,GND,WIRE,POWER,GND,3.3,5,61.268,140.332,,,,,,,,,,,,,,
,,,,,,,,,,,,,GND,GND,61.268,140.332,USE,,,,POWER3V,0,,,,,,,,,,,,,,,,,,,,,,,,,,,,,,,,,,,,,,,,,,,,,,,,,,
,,,,,,,,,GPIO,0,,WIRE,OUT,GPIO,46.869,140.332,USE_BLOCK,,,,,,,,,,,,,,,,,,,,,,,,,,,,,,,,,,,,,,,,,,,,,,,,,,,,,,,
Arduinoall-34,Arduinoall,GY-521 IMU 3-axis Accelerometer/Gyro Module (MPU6050),https://www.arduinoall.com/product/34/gy-521-imu-3-axis-accelerometer-gyro-module-mpu6050,PERIPHERAL,,BREAKOUT_BOARD_ONESIDE,141.733,113.387,POWER5V,0,,WIRE,VCC,VCC_5V,21.866,105.526,USE,0,MCU_1,0,I2C,0,Accelerometer,Compare,,,,,,,,,,,,,,,,,,Accel_X,DOUBLE,-35,35,METERPERSECSQUARE,ARDUINO,Adafruit_Sensor,,,VCC,WIRE,POWER,VCC,3,5,21.866,105.526,,Accelerometer,Compare,,,,,,X,-35,35,METERPERSECSQUARE,,
,,,,,,,,,,,,,GND,GND,36.866,105.526,USE,,,,POWER5V,0,,,,,,,,,,,,,,,,,,,,Accel_Y,DOUBLE,-35,35,METERPERSECSQUARE,,MPU6050,,,GND,WIRE,POWER,GND,3,5,36.866,105.526,,,,,,,,,Y,-35,35,METERPERSECSQUARE,,
,,,,,,,,,POWER3V,0,,WIRE,VCC,VCC_3V,21.866,105.526,USE,,,1,I2C,0,,,,,,,,,,,,,,,,,,,,Accel_Z,DOUBLE,-35,35,METERPERSECSQUARE,,MP_MPU6050,,,SCL,WIRE,I2C_1,I2C_SCL,3,5,50.866,105.526,I2C_1,,,,,,,,Z,-35,35,METERPERSECSQUARE,,
,,,,,,,,,,,,,GND,GND,36.866,105.526,USE,,,,POWER3V,0,,,,,,,,,,,,,,,,,,,,Accel_Magnitude,DOUBLE,0,60,METERPERSECSQUARE,,I2Cdev,,,SDA,WIRE,I2C_1,I2C_SDA,3,5,64.891,105.526,,,,,,,,,Magnitude,0,60,METERPERSECSQUARE,,
,,,,,,,,,I2C,0,,WIRE,SCL,I2C_SCL,50.866,105.526,USE,,,,,,Gyroscope,Compare,,,,,,,,,,,,,,,,,,Gyro_X,DOUBLE,-2000,2000,DEGREEPERSEC,,,,,XDA,WIRE,,,3,5,79.866,105.526,,Gyroscope,Compare,,,,,,X,-2000,2000,DEGREEPERSEC,,
,,,,,,,,,,,,,SDA,I2C_SDA,64.891,105.526,USE,,,,,,,,,,,,,,,,,,,,,,,,,Gyro_Y,DOUBLE,-2000,2000,DEGREEPERSEC,,,,,XCL,WIRE,,,3,5,94.866,105.526,,,,,,,,,Y,-2000,2000,DEGREEPERSEC,,
,,,,,,,,,NC,0,,WIRE,XDA,NO_OP,79.866,105.526,NO_OP,,,,,,,,,,,,,,,,,,,,,,,,,Gyro_Z,DOUBLE,-2000,2000,DEGREEPERSEC,,,,,ADO,WIRE,,,3,5,108.866,105.526,,,,,,,,,Z,-2000,2000,DEGREEPERSEC,,
,,,,,,,,,,1,,WIRE,XCL,NO_OP,94.866,105.526,NO_OP,,,,,,,,,,,,,,,,,,,,,,,,,,,,,,,,,,INT,WIRE,,,3,5,123.866,105.526,,,,,,,,,,,,,,
,,,,,,,,,,2,,WIRE,ADO,NO_OP,108.866,105.526,NO_OP,,,,,,,,,,,,,,,,,,,,,,,,,,,,,,,,,,,,,,,,,,,,,,,,,,,,,,,
,,,,,,,,,,3,,WIRE,INT,NO_OP,123.866,105.526,NO_OP,,,,,,,,,,,,,,,,,,,,,,,,,,,,,,,,,,,,,,,,,,,,,,,,,,,,,,,
Arduinoall-222,Arduinoall,Module MQ-2 FC-22 Smoke Gas Sensor Smoke methane gas liquefied flammable gas sensor module for arduano,https://www.arduinoall.com/product/222/module-mq-2-fc-22-smoke-gas-sensor-smoke-methane-gas-liquefied-flammable-gas-sensor-module-for-ardua,PERIPHERAL,,BREAKOUT_BOARD_ONESIDE,130.194,203.991,POWER5V,0,,WIRE,VCC,VCC_5V,43.398,190.593,USE,0,MCU_1,0,ANALOG,0,LPG,Compare,,,,,,,,,,,,,,,,,,Percent,DOUBLE,0,100,PERCENT,ARDUINO,MP_OneAnalogReadToPercent,,,VCC,WIRE,POWER,VCC,5,5,43.398,190.593,,LPG,Compare,,,,,,Percent,0,100,PERCENT,,
,,,,,,,,,,,,,GND,GND,57.797,190.593,USE,,,,POWER5V,0,,,,,,,,,,,,,,,,,,,,,,,,,,,,,GND,WIRE,POWER,GND,5,5,57.797,190.593,,,,,,,,,,,,,,
,,,,,,,,,NC,0,,WIRE,D0,NC,72.196,190.593,NO_OP,,,,,,,,,,,,,,,,,,,,,,,,,,,,,,,,,,D0,WIRE,,,5,5,72.196,190.593,,,,,,,,,,,,,,
,,,,,,,,,ANALOG,0,,WIRE,A0,ANALOG,86.593,190.593,USE_BLOCK,,,,,,,,,,,,,,,,,,,,,,,,,,,,,,,,,,A0,WIRE,ANALOG_1,INOUT,5,5,86.593,190.593,ANALOG_1,,,,,,,,,,,,,
Arduinoall-261,Arduinoall,MQ-3 alcohol sensor Alcohol,https://www.arduinoall.com/product/261/%E0%B9%80%E0%B8%8B%E0%B8%99%E0%B9%80%E0%B8%8B%E0%B8%AD%E0%B8%A3%E0%B9%8C%E0%B9%81%E0%B8%AD%E0%B8%A5%E0%B8%81%E0%B8%AD%E0%B8%AE%E0%B8%AD%E0%B8%A5%E0%B9%8C-mq-3-alcohol-sensor-alcohol,PERIPHERAL,,BREAKOUT_BOARD_ONESIDE,130.194,203.991,POWER5V,0,,WIRE,VCC,VCC_5V,43.398,190.593,USE,0,MCU_1,0,ANALOG,0,Alcohol,Compare,,,,,,,,,,,,,,,,,,Percent,DOUBLE,0,100,PERCENT,ARDUINO,MP_OneAnalogReadToPercent,,,VCC,WIRE,POWER,VCC,5,5,43.398,190.593,,Alcohol,Compare,,,,,,Percent,0,100,PERCENT,,
,,,,,,,,,,,,,GND,GND,57.797,190.593,USE,,,,POWER5V,0,,,,,,,,,,,,,,,,,,,,,,,,,,,,,GND,WIRE,POWER,GND,5,5,57.797,190.593,,,,,,,,,,,,,,
,,,,,,,,,NC,0,,WIRE,D0,NO_OP,72.196,190.593,NO_OP,,,,,,,,,,,,,,,,,,,,,,,,,,,,,,,,,,D0,WIRE,,,5,5,72.196,190.593,,,,,,,,,,,,,,
,,,,,,,,,ANALOG,0,,WIRE,A0,ANALOG,86.593,190.593,ANALOG,,,,,,,,,,,,,,,,,,,,,,,,,,,,,,,,,,A0,WIRE,ANALOG_1,INOUT,5,5,86.593,190.593,ANALOG_1,,,,,,,,,,,,,
Arduinoall-377,Arduinoall,Rain Raindrop Water Level Sensor Module Height Depth of Detection For Arduino,https://www.arduinoall.com/product/377/%E0%B9%82%E0%B8%A1%E0%B8%94%E0%B8%B9%E0%B8%A5-%E0%B9%80%E0%B8%8B%E0%B8%99%E0%B9%80%E0%B8%8B%E0%B8%AD%E0%B8%A3%E0%B9%8C%E0%B8%99%E0%B9%89%E0%B8%B3%E0%B8%9D%E0%B8%99-%E0%B8%A3%E0%B8%B0%E0%B8%94%E0%B8%B1%E0%B8%9A%E0%B8%99%E0%B9%89%E0%B8%B3-rain-raindrop-water-level-sensor-module-height-depth-of-detection-for-a-3,PERIPHERAL,,BREAKOUT_BOARD_ONESIDE,113.378,351.498,POWER5V,0,,WIRE,GND,GND,44.417,341.748,USE,0,MCU_1,0,ANALOG,0,Water,Detect Water,,,,,,,,,,,,,,,,,,,,,,,ARDUINO,MP_Waterlvl,,,GND,WIRE,POWER,GND,3.3,5,44.417,341.748,,Water,Detect Water,,,,,,,,,,,
,,,,,,,,,,,,,VCC,VCC_5V,58.817,341.748,USE,,,,,,,No Water,,,,,,,,,,,,,,,,,,,,,,,,,,,VCC,WIRE,POWER,VCC,3.3,5,58.817,341.748,,,No Water,,,,,,,,,,,
,,,,,,,,,POWER3V,0,,WIRE,GND,GND,44.417,341.748,USE,,,,,,,,,,,,,,,,,,,,,,,,,,,,,,,,,,S,WIRE,ANALOG_1,INOUT,3.3,5,73.217,341.748,ANALOG_1,,,,,,,,,,,,,
,,,,,,,,,,,,,VCC,VCC_3V,58.817,341.748,USE,,,,,,,,,,,,,,,,,,,,,,,,,,,,,,,,,,,,,,,,,,,,,,,,,,,,,,,
,,,,,,,,,ANALOG,0,,WIRE,S,ANALOG,73.217,341.748,USE_BLOCK,,,,,,,,,,,,,,,,,,,,,,,,,,,,,,,,,,,,,,,,,,,,,,,,,,,,,,,
Arduitronics-1705,Arduitronics,DHT12 Humidity Temperature Sensor Module,https://www.arduitronics.com/product/1705/dht12-humidity-temperature-sensor-module-free-cable-i2c-interface,PERIPHERAL,,BREAKOUT_BOARD_ONESIDE,72,72,POWER5V,0,,WIRE,VIN,VCC_5V,14.5,69,USE,0,MCU_1,0,I2C,0,Temperature,Compare,,,,,,,,,,,,,,,,,,Temperature,DOUBLE,0,50,CELSIUS,ARDUINO,MP_DHT12,,,VIN,WIRE,POWER,VCC,3.3,5,14.5,69,I2C_1,Temperature,Compare,,,,,,Temperature,0,50,CELSIUS,,
,,,,,,,,,,,,,GND,GND,43.3,69,USE,,,,POWER5V,0,Humidity,Compare,,,,,,,,,,,,,,,,,,Humidity,DOUBLE,20,80,PERCENT,,dht_dplasa,,,SDA,WIRE,I2C_1,I2C_SDA,3.3,5,28.9,69,,Humidity,Compare,,,,,,Humidity,20,80,PERCENT,,
,,,,,,,,,POWER3V,0,,WIRE,VIN,VCC_3V,14.5,69,USE,,,1,I2C,0,,,,,,,,,,,,,,,,,,,,,,,,,,,,,GND,WIRE,POWER,GND,3.3,5,43.3,69,,,,,,,,,,,,,,
,,,,,,,,,,,,,GND,GND,43.3,69,USE,,,,POWER3V,0,,,,,,,,,,,,,,,,,,,,,,,,,,,,,SCL,WIRE,I2C_1,I2C_SCL,3.3,5,57.7,69,,,,,,,,,,,,,,
,,,,,,,,,I2C,0,,WIRE,SCL,I2C_SCL,57.7,69,USE,,,,,,,,,,,,,,,,,,,,,,,,,,,,,,,,,,,,,,,,,,,,,,,,,,,,,,,
,,,,,,,,,,,,,SDA,I2C_SDA,28.9,69,USE,,,,,,,,,,,,,,,,,,,,,,,,,,,,,,,,,,,,,,,,,,,,,,,,,,,,,,,
Grove-104030007,SeeedStudio,"Grove LED Socket Kit (Red, Green, White)",https://www.seeedstudio.com/Grove-Green-LED-p-1144.html,PERIPHERAL,,GROVE,128,148,GROVE_PWM,0,,GROVE_PWM,SIG,PWM,0,0,USE_BLOCK,0,Grove-103030000,0,GROVE_GPIO,0,LED,,,,,,,,,,On,Brightness,DOUBLE,0,100,100,PERCENT,,,,,,,,ARDUINO,MP_LED,,,SIG,GROVE,GPIO_1,INOUT,3.3,5,31.785,42.489,GPIO_1,LED,On,Brightness,0,100,PERCENT,,,,,,,
,,,,,,,,,,,,,GND,GND,0,0,USE,,,,,,,,,,,,,,,,Off,,,,,,,,,,,,,,,,,,GND,GROVE,POWER,GND,3.3,5,2.984,0.002,,,Off,,,,,,,,,,,
,,,,,,,,,,,,,VCC,VCC_5V,0,0,USE,,,,,,,,,,,,,,,,,,,,,,,,,,,,,,,,,,VCC,GROVE,POWER,VCC,3.3,5,117.42,60.299,,,,,,,,,,,,,,
Grove-104030003,SeeedStudio,Grove - 4-Digit Display,https://www.seeedstudio.com/Grove-4-Digit-Display-p-1198.html,PERIPHERAL,,GROVE,266,148,GROVE_GPIO,0,,GROVE_GPIO,CLK,GPIO,0,0,USE_BLOCK,0,Grove-103030000,0,GROVE_GPIO,0,7 Segment,,,,,,,,,,Show Value,Value,VALUE,,,,,,,,,,,,ARDUINO,MP_7segI2C_Colon,,,CLK,GROVE,GPIO_1,INOUT,3.3,5,321,53.3,GPIO_1,7 Segment,Show Value,Value,,,,,,,,,,
,,,,,,,,,,,,,DIO,GPIO,0,0,USE_BLOCK,,,,,,,,,,,,,,,,Show Data,Data,DOUBLE,-999,9999,1000,NUMBER,,,,,,,,,TM1637Display,,,DIO,GROVE,GPIO_2,INOUT,3.3,5,321,67.8,GPIO_2,,Show Data,Data,0,9999,NUMBER,,,,,,,
,,,,,,,,,,,,,VCC,VCC_5V,0,0,USE,,,,,,,,,,,,,,,,Off,,,,,,,,,,,,,,,,,,VCC,GROVE,POWER,VCC,3.3,5,321,82.3,,,Off,,,,,,,,,,,
,,,,,,,,,,,,,GND,GND,0,0,USE,,,,,,,,,,,,,,,,Set Brightness,Brightness,DOUBLE,0,100,100,PERCENT,,,,,,,,,,,,GND,GROVE,POWER,GND,3.3,5,321,96.8,,,Set Brightness,Brightness,,,,0,,,,,,
Grove-101020017,SeeedStudio,Grove - Rotary Angle Sensor,https://www.seeedstudio.com/Grove-Rotary-Angle-Sensor-p-770.html,PERIPHERAL,,GROVE,128,148,GROVE_ANALOG,0,,GROVE_ANALOG,VCC,VCC_5V,0,0,USE,0,Grove-103030000,0,GROVE_ANALOG,0,POT,Compare,,,,,,,,,,,,,,,,,,Percent,DOUBLE,0,100,PERCENT,ARDUINO,MP_OneAnalogReadToPercent,,,VCC,GROVE,POWER,VCC,3.3,5,1.531,19.764,,POT,Compare,,,,,,Percent,0,100,PERCENT,,
,,,,,,,,,,,,,SIG,ANALOG,0,0,USE_BLOCK,,,,,,,,,,,,,,,,,,,,,,,,,,,,,,,,,,SIG,GROVE,ANALOG_1,INOUT,3.3,5,45.2,31.9095,ANALOG_1,,,,,,,,,,,,,
,,,,,,,,,,,,,GND,GND,0,0,USE,,,,,,,,,,,,,,,,,,,,,,,,,,,,,,,,,,GND,GROVE,POWER,GND,3.3,5,132.212,22.0465,,,,,,,,,,,,,,
Grove-101020015,SeeedStudio,Grove - Temperature Sensor,https://www.seeedstudio.com/Grove-Temperature-Sensor-p-774.html,PERIPHERAL,,GROVE,128,148,GROVE_ANALOG,0,,GROVE_ANALOG,VCC,VCC_5V,0,0,USE,0,Grove-103030000,0,GROVE_ANALOG,0,Temperature,Compare,,,,,,,,,,,,,,,,,,Temperature,DOUBLE,-40,125,CELSIUS,ARDUINO,MP_GROVE_Temperature,,,VCC,GROVE,POWER,VCC,3.3,5,1.531,19.764,,Temperature,Compare,,,,,,Temperature,-40,125,CELSIUS,,
,,,,,,,,,,,,,SIG,ANALOG,0,0,USE_BLOCK,,,,,,,,,,,,,,,,,,,,,,,,,,,,,,,,,,SIG,GROVE,ANALOG_1,INOUT,3.3,5,45.2,31.9095,ANALOG_1,,,,,,,,,,,,,
,,,,,,,,,,,,,GND,GND,0,0,USE,,,,,,,,,,,,,,,,,,,,,,,,,,,,,,,,,,GND,GROVE,POWER,GND,3.3,5,132.212,22.0465,,,,,,,,,,,,,,
Grove-101020132,SeeedStudio,Grove - Light Sensor,https://www.seeedstudio.com/Grove-Light-Sensor-v1.2-p-2727.html,PERIPHERAL,,GROVE,128,148,GROVE_ANALOG,0,,GROVE_ANALOG,VCC,VCC_5V,0,0,USE,0,Grove-103030000,0,GROVE_ANALOG,0,Light,Compare,,,,,,,,,,,,,,,,,,Percent,DOUBLE,0,100,PERCENT,ARDUINO,MP_OneAnalogReadToPercent,,,VCC,GROVE,POWER,VCC,3.3,5,1.531,19.764,,Light,Compare,,,,,,Percent,0,100,PERCENT,,
,,,,,,,,,,,,,SIG,ANALOG,0,0,USE_BLOCK,,,,,,,,,,,,,,,,,,,,,,,,,,,,,,,,,,SIG,GROVE,ANALOG_1,INOUT,3.3,5,45.2,31.9095,ANALOG_1,,,,,,,,,,,,,
,,,,,,,,,,,,,GND,GND,0,0,USE,,,,,,,,,,,,,,,,,,,,,,,,,,,,,,,,,,GND,GROVE,POWER,GND,3.3,5,132.212,22.0465,,,,,,,,,,,,,,
Grove-101020023,SeeedStudio,Grove - Sound Sensor,https://www.seeedstudio.com/Grove-Sound-Sensor-p-752.html,PERIPHERAL,,GROVE,128,148,GROVE_ANALOG,0,,GROVE_ANALOG,VCC,VCC_5V,0,0,USE,0,Grove-103030000,0,GROVE_ANALOG,0,Sound,Compare,,,,,,,,,,,,,,,,,,SoundLevel,DOUBLE,0,100,PERCENT,ARDUINO,MP_GROVE_Sound,,,VCC,GROVE,POWER,VCC,3.3,5,1.531,19.764,,Sound,Compare,,,,,,SoundLevel,0,100,PERCENT,,
,,,,,,,,,,,,,SIG,ANALOG,0,0,USE_BLOCK,,,,,,,,,,,,,,,,,,,,,,,,,,,,,,,,,,SIG,GROVE,ANALOG_1,INOUT,3.3,5,45.2,31.9095,ANALOG_1,,,,,,,,,,,,,
,,,,,,,,,,,,,GND,GND,0,0,USE,,,,,,,,,,,,,,,,,,,,,,,,,,,,,,,,,,GND,GROVE,POWER,GND,3.3,5,132.212,22.0465,,,,,,,,,,,,,,
Grove-107020000,SeeedStudio,Grove - Buzzer,https://www.seeedstudio.com/Grove-Buzzer-p-768.html,PERIPHERAL,,GROVE,128,148,GROVE_GPIO,0,,GROVE_GPIO,VCC,VCC_5V,0,0,USE,0,Grove-103030000,0,GROVE_GPIO,0,Buzzer,,,,,,,,,,Beep,,,,,,,,,,,,,,ARDUINO,MP_GROVE_Buzzer,,,VCC,GROVE,POWER,VCC,3.3,5,1.531,19.764,,Buzzer,Beep,,,,,,,,,,,
,,,,,,,,,,,,,SIG,GPIO,0,0,USE_BLOCK,,,,,,,,,,,,,,,,,,,,,,,,,,,,,,,,,,SIG,GROVE,GPIO_1,INOUT,3.3,5,45.2,31.9095,GPIO_1,,,,,,,,,,,,,
,,,,,,,,,,,,,GND,GND,0,0,USE,,,,,,,,,,,,,,,,,,,,,,,,,,,,,,,,,,GND,GROVE,POWER,GND,3.3,5,132.212,22.0465,,,,,,,,,,,,,,
Grove-101020003,SeeedStudio,Grove - Button,https://www.seeedstudio.com/Grove-Button-p-766.html,PERIPHERAL,,GROVE,128,148,GROVE_GPIO,0,,GROVE_GPIO,SIG,GPIO,0,0,USE_BLOCK,0,Grove-103030000,0,GROVE_GPIO,0,Button,Wait For Press,,,,,,,,,,,,,,,,,,,,,,,ARDUINO,MP_GROVE_Button,,,SIG,GROVE,GPIO_1,INOUT,3.3,5,31.785,42.489,GPIO_1,Button,Wait For Press,isPressed,,,,,,,,,,
,,,,,,,,,,,,,GND,GND,0,0,USE,,,,,,,Wait For Release,,,,,,,,,,,,,,,,,,,,,,,,,,,GND,GROVE,POWER,GND,3.3,5,2.984,0.002,,,Wait For Release,isReleased,,,,,,,,,,
,,,,,,,,,,,,,VCC,VCC_5V,0,0,USE,,,,,,,,,,,,,,,,,,,,,,,,,,,,,,,,,,VCC,GROVE,POWER,VCC,3.3,5,117.42,60.299,,,,,,,,,,,,,,
Grove-103020005,SeeedStudio,Grove - Relay,https://www.seeedstudio.com/Grove-Relay-p-769.html,PERIPHERAL,,GROVE,128,148,GROVE_GPIO,0,,GROVE_GPIO,VCC,VCC_5V,0,0,USE,0,Grove-103030000,0,GROVE_GPIO,0,Relay Module,,,,,,,,,,On,,,,,,,,,,,,,,ARDUINO,MP_Relay_Module,,,VCC,GROVE,POWER,VCC,3.3,5,1.531,19.764,,Relay Module,On,,,,,,,,,,,
,,,,,,,,,,,,,SIG,GPIO,0,0,USE_BLOCK,,,,,,,,,,,,,,,,Off,,,,,,,,,,,,,,,,,,SIG,GROVE,GPIO_1,INOUT,3.3,5,45.2,31.9095,GPIO_1,,Off,,,,,,,,,,,
,,,,,,,,,,,,,GND,GND,0,0,USE,,,,,,,,,,,,,,,,,,,,,,,,,,,,,,,,,,GND,GROVE,POWER,GND,3.3,5,132.212,22.0465,,,,,,,,,,,,,,
Grove-101020020,SeeedStudio,Grove - PIR Motion Sensor,https://www.seeedstudio.com/Grove-PIR-Motion-Sensor%EF%BC%88BISS0001%EF%BC%89-p-802.html,PERIPHERAL,,GROVE,128,148,GROVE_GPIO,0,,GROVE_GPIO,SIG,GPIO,0,0,USE_BLOCK,0,Grove-103030000,0,GROVE_GPIO,0,Presence,Detect Human,,,,,,,,,,,,,,,,,,,,,,,ARDUINO,MP_GROVE_PIR,,,SIG,GROVE,GPIO_1,INOUT,3,5,31.785,42.489,GPIO_1,Presence,Detect Human,isDetected,,,,,,,,,,
,,,,,,,,,,,,,GND,GND,0,0,USE,,,,,,,No Human,,,,,,,,,,,,,,,,,,,,,,,,,,,GND,GROVE,POWER,GND,3,5,2.984,0.002,,,No Human,isNotDetected,,,,,,,,,,
,,,,,,,,,,,,,VCC,VCC_5V,0,0,USE,,,,,,,,,,,,,,,,,,,,,,,,,,,,,,,,,,VCC,GROVE,POWER,VCC,3,5,117.42,60.299,,,,,,,,,,,,,,
Grove-101020054,SeeedStudio,Grove - 3-Axis Digital Accelerometer(±16g),http://wiki.seeed.cc/Grove-3-Axis_Digital_Accelerometer-16g/,PERIPHERAL,,GROVE,128,148,GROVE_I2C,0,,GROVE_I2C,SDA,I2C_SDA,0,0,USE,0,Grove-103030000,0,GROVE_I2C,0,Accelerometer,Compare,,,,,,,,,,,,,,,,,,Accel_X,DOUBLE,-16,16,METERPERSECSQUARE,ARDUINO,MP_GROVE_ADXL345,,,SDA,GROVE,I2C_1,I2C_SDA,3,5,321,53.3,I2C_1,Accelerometer,Compare,,,,,,X,-16,16,METERPERSECSQUARE,,
,,,,,,,,,,,,,SCL,I2C_SCL,0,0,USE,,,,,,,,,,,,,,,,,,,,,,,,,Accel_Y,DOUBLE,-16,16,METERPERSECSQUARE,,Adafruit_ADXL345_U,,,SCL,GROVE,I2C_1,I2C_SCL,3,5,321,67.8,,,,,,,,,Y,-16,16,METERPERSECSQUARE,,
,,,,,,,,,,,,,VCC,VCC_5V,0,0,USE,,,,,,,,,,,,,,,,,,,,,,,,,Accel_Z,DOUBLE,-16,16,METERPERSECSQUARE,,Adafruit_Sensor,,,VCC,GROVE,POWER,VCC,3,5,321,82.3,,,,,,,,,Z,-16,16,METERPERSECSQUARE,,
,,,,,,,,,,,,,GND,GND,0,0,USE,,,,,,,,,,,,,,,,,,,,,,,,,Accel_Magnitude,DOUBLE,0,60,METERPERSECSQUARE,,,,,GND,GROVE,POWER,GND,3,5,321,96.8,,,,,,,,,Magnitude,0,60,METERPERSECSQUARE,,
Grove-101020011,SeeedStudio,Grove - Temperature & Humidity Sensor (DHT11),https://www.seeedstudio.com/Grove-Temperature-%26amp%3B-Humidity-Sensor-%EF%BC%88DHT11%EF%BC%89-p-745.html,PERIPHERAL,,GROVE,128,148,GROVE_ANALOG,0,,GROVE_ANALOG,VCC,VCC_5V,0,0,USE,0,Grove-103030000,0,GROVE_ANALOG,0,Temperature,Compare,,,,,,,,,,,,,,,,,,Temperature,DOUBLE,0,50,CELSIUS,ARDUINO,MP_DHT11,,,VCC,GROVE,POWER,VCC,3.3,5,1.531,19.764,,Temperature,Compare,,,,,,Temperature,0,50,CELSIUS,,
,,,,,,,,,,,,,SIG,ANALOG,0,0,USE_BLOCK,,,,,,Humidity,Compare,,,,,,,,,,,,,,,,,,Humidity,DOUBLE,20,80,PERCENT,,DHT,,,SIG,GROVE,ANALOG_1,INOUT,3.3,5,45.2,31.9095,ANALOG_1,Humidity,Compare,,,,,,Humidity,20,80,PERCENT,,
,,,,,,,,,,,,,GND,GND,0,0,USE,,,,,,,,,,,,,,,,,,,,,,,,,,,,,,,,,,GND,GROVE,POWER,GND,3.3,5,132.212,22.0465,,,,,,,,,,,,,,
Grove-101020010,SeeedStudio,Grove - Ultrasonic Ranger,https://www.seeedstudio.com/Grove-Ultrasonic-Ranger-p-960.html,PERIPHERAL,,GROVE,128,148,GROVE_ANALOG,0,,GROVE_ANALOG,VCC,VCC_5V,0,0,USE,0,Grove-103030000,0,GROVE_ANALOG,0,Distance,Compare,,,,,,,,,,,,,,,,,,Distance,DOUBLE,3,350,CENTIMETER,ARDUINO,MP_GROVE_Ultrasonic_Ranger,,,VCC,GROVE,POWER,VCC,3.3,5,1.531,19.764,,Distance,Compare,,,,,,Distance,3,350,CENTIMETER,,
,,,,,,,,,,,,,SIG,ANALOG,0,0,USE_BLOCK,,,,,,,,,,,,,,,,,,,,,,,,,,,,,,,,,,SIG,GROVE,ANALOG_1,INOUT,3.3,5,45.2,31.9095,ANALOG_1,,,,,,,,,,,,,
,,,,,,,,,,,,,GND,GND,0,0,USE,,,,,,,,,,,,,,,,,,,,,,,,,,,,,,,,,,GND,GROVE,POWER,GND,3.3,5,132.212,22.0465,,,,,,,,,,,,,,
Grove-103030000,SeeedStudio,Base Shield V2,https://www.seeedstudio.com/Base-Shield-V2-p-1378.html,CONTROLLER,uno,SHIELD,0,0,UART,0,,WIRE,0,UART_RX,0,0,USE,0,MCU_1,0,UART,0,,,,,,,,,,,,,,,,,,,,,,,,,ARDUINO,,,,,,,,,,,,,,,,,,,,,,,,,
,,,,,,,,,,,,,1,UART_TX,0,0,USE,,,,,,,,,,,,,,,,,,,,,,,,,,,,,,,,,,,,,,,,,,,,,,,,,,,,,,,
,,,,,,,,,GPIO,0,,WIRE,0,GPIO,0,0,USE,,,,GPIO,0,,,,,,,,,,,,,,,,,,,,,,,,,,,,,,,,,,,,,,,,,,,,,,,,,,
,,,,,,,,,,1,,WIRE,1,GPIO,0,0,USE,,,,,1,,,,,,,,,,,,,,,,,,,,,,,,,,,,,,,,,,,,,,,,,,,,,,,,,,
,,,,,,,,,,2,,WIRE,2,GPIO,0,0,USE,,,,,2,,,,,,,,,,,,,,,,,,,,,,,,,,,,,,,,,,,,,,,,,,,,,,,,,,
,,,,,,,,,,3,,WIRE,3,GPIO,0,0,USE,,,,,3,,,,,,,,,,,,,,,,,,,,,,,,,,,,,,,,,,,,,,,,,,,,,,,,,,
,,,,,,,,,,4,,WIRE,4,GPIO,0,0,USE,,,,,4,,,,,,,,,,,,,,,,,,,,,,,,,,,,,,,,,,,,,,,,,,,,,,,,,,
,,,,,,,,,,5,,WIRE,5,GPIO,0,0,USE,,,,,5,,,,,,,,,,,,,,,,,,,,,,,,,,,,,,,,,,,,,,,,,,,,,,,,,,
,,,,,,,,,,6,,WIRE,6,GPIO,0,0,USE,,,,,6,,,,,,,,,,,,,,,,,,,,,,,,,,,,,,,,,,,,,,,,,,,,,,,,,,
,,,,,,,,,,7,,WIRE,7,GPIO,0,0,USE,,,,,7,,,,,,,,,,,,,,,,,,,,,,,,,,,,,,,,,,,,,,,,,,,,,,,,,,
,,,,,,,,,,8,,WIRE,8,GPIO,0,0,USE,,,,,8,,,,,,,,,,,,,,,,,,,,,,,,,,,,,,,,,,,,,,,,,,,,,,,,,,
,,,,,,,,,,9,,WIRE,9,GPIO,0,0,USE,,,,,9,,,,,,,,,,,,,,,,,,,,,,,,,,,,,,,,,,,,,,,,,,,,,,,,,,
,,,,,,,,,,10,,WIRE,10,GPIO,0,0,USE,,,,,10,,,,,,,,,,,,,,,,,,,,,,,,,,,,,,,,,,,,,,,,,,,,,,,,,,
,,,,,,,,,,11,,WIRE,11,GPIO,0,0,USE,,,,,11,,,,,,,,,,,,,,,,,,,,,,,,,,,,,,,,,,,,,,,,,,,,,,,,,,
,,,,,,,,,,12,,WIRE,12,GPIO,0,0,USE,,,,,12,,,,,,,,,,,,,,,,,,,,,,,,,,,,,,,,,,,,,,,,,,,,,,,,,,
,,,,,,,,,,13,,WIRE,13,GPIO,0,0,USE,,,,,13,,,,,,,,,,,,,,,,,,,,,,,,,,,,,,,,,,,,,,,,,,,,,,,,,,
,,,,,,,,,ANALOG,0,,WIRE,A5,ANALOG,0,0,USE,,,,ANALOG,0,,,,,,,,,,,,,,,,,,,,,,,,,,,,,,,,,,,,,,,,,,,,,,,,,,
,,,,,,,,,,1,,WIRE,A4,ANALOG,0,0,USE,,,,,1,,,,,,,,,,,,,,,,,,,,,,,,,,,,,,,,,,,,,,,,,,,,,,,,,,
,,,,,,,,,,2,,WIRE,A3,ANALOG,0,0,USE,,,,,2,,,,,,,,,,,,,,,,,,,,,,,,,,,,,,,,,,,,,,,,,,,,,,,,,,
,,,,,,,,,,3,,WIRE,A2,ANALOG,0,0,USE,,,,,3,,,,,,,,,,,,,,,,,,,,,,,,,,,,,,,,,,,,,,,,,,,,,,,,,,
,,,,,,,,,,4,,WIRE,A1,ANALOG,0,0,USE,,,,,4,,,,,,,,,,,,,,,,,,,,,,,,,,,,,,,,,,,,,,,,,,,,,,,,,,
,,,,,,,,,,5,,WIRE,A0,ANALOG,0,0,USE,,,,,5,,,,,,,,,,,,,,,,,,,,,,,,,,,,,,,,,,,,,,,,,,,,,,,,,,
,,,,,,,,,PWM,0,,WIRE,3,PWM,0,0,USE,,,,PWM,0,,,,,,,,,,,,,,,,,,,,,,,,,,,,,,,,,,,,,,,,,,,,,,,,,,
,,,,,,,,,,1,,WIRE,5,PWM,0,0,USE,,,,,1,,,,,,,,,,,,,,,,,,,,,,,,,,,,,,,,,,,,,,,,,,,,,,,,,,
,,,,,,,,,,2,,WIRE,6,PWM,0,0,USE,,,,,2,,,,,,,,,,,,,,,,,,,,,,,,,,,,,,,,,,,,,,,,,,,,,,,,,,
,,,,,,,,,,3,,WIRE,9,PWM,0,0,USE,,,,,3,,,,,,,,,,,,,,,,,,,,,,,,,,,,,,,,,,,,,,,,,,,,,,,,,,
,,,,,,,,,,4,,WIRE,10,PWM,0,0,USE,,,,,4,,,,,,,,,,,,,,,,,,,,,,,,,,,,,,,,,,,,,,,,,,,,,,,,,,
,,,,,,,,,,5,,WIRE,11,PWM,0,0,USE,,,,,5,,,,,,,,,,,,,,,,,,,,,,,,,,,,,,,,,,,,,,,,,,,,,,,,,,
,,,,,,,,,SPI,0,,WIRE,10,SPI_SS,0,0,USE,,,,SPI,0,,,,,,,,,,,,,,,,,,,,,,,,,,,,,,,,,,,,,,,,,,,,,,,,,,
,,,,,,,,,,,,,11,SPI_MOSI,0,0,USE,,,,,,,,,,,,,,,,,,,,,,,,,,,,,,,,,,,,,,,,,,,,,,,,,,,,,,,
,,,,,,,,,,,,,12,SPI_MISO,0,0,USE,,,,,,,,,,,,,,,,,,,,,,,,,,,,,,,,,,,,,,,,,,,,,,,,,,,,,,,
,,,,,,,,,,,,,13,SPI_SCK,0,0,USE,,,,,,,,,,,,,,,,,,,,,,,,,,,,,,,,,,,,,,,,,,,,,,,,,,,,,,,
,,,,,,,,,POWER5V,0,,WIRE,GND,GND,0,0,USE,,,,POWER5V,0,,,,,,,,,,,,,,,,,,,,,,,,,,,,,,,,,,,,,,,,,,,,,,,,,,
,,,,,,,,,,,,,5V,VCC_5V,0,0,USE,,,,,,,,,,,,,,,,,,,,,,,,,,,,,,,,,,,,,,,,,,,,,,,,,,,,,,,
,,,,,,,,,POWER3V,0,,WIRE,3.3V,VCC_3V,0,0,USE,,,,POWER3V,0,,,,,,,,,,,,,,,,,,,,,,,,,,,,,,,,,,,,,,,,,,,,,,,,,,
,,,,,,,,,,,,,GND,GND,0,0,USE,,,,,,,,,,,,,,,,,,,,,,,,,,,,,,,,,,,,,,,,,,,,,,,,,,,,,,,
,,,,,,,,,I2C,0,,WIRE,A4,I2C_SDA,0,0,USE,,,,I2C,0,,,,,,,,,,,,,,,,,,,,,,,,,,,,,,,,,,,,,,,,,,,,,,,,,,
,,,,,,,,,,,,,A5,I2C_SCL,0,0,USE,,,,,,,,,,,,,,,,,,,,,,,,,,,,,,,,,,,,,,,,,,,,,,,,,,,,,,,
,,,,,,,,,NC,0,,WIRE,VIN,VIN,0,0,USE,,,,NC,0,,,,,,,,,,,,,,,,,,,,,,,,,,,,,,,,,,,,,,,,,,,,,,,,,,
,,,,,,,,,,1,,WIRE,GND,GND,0,0,USE,,,,,1,,,,,,,,,,,,,,,,,,,,,,,,,,,,,,,,,,,,,,,,,,,,,,,,,,
,,,,,,,,,,2,,WIRE,GND,GND,0,0,USE,,,,,2,,,,,,,,,,,,,,,,,,,,,,,,,,,,,,,,,,,,,,,,,,,,,,,,,,
,,,,,,,,,,3,,WIRE,RESET,RESET,0,0,USE,,,,,3,,,,,,,,,,,,,,,,,,,,,,,,,,,,,,,,,,,,,,,,,,,,,,,,,,
,,,,,,,,,,4,,WIRE,IOREF,IOREF,0,0,USE,,,,,4,,,,,,,,,,,,,,,,,,,,,,,,,,,,,,,,,,,,,,,,,,,,,,,,,,
,,,,,,,,,,5,,WIRE,AREF,AREF,0,0,USE,,,,,5,,,,,,,,,,,,,,,,,,,,,,,,,,,,,,,,,,,,,,,,,,,,,,,,,,
,,,,,,,,,GROVE_ANALOG,0,A0,GROVE_ANALOG,VCC,VCC_5V,0,0,CREATE,,,,,,,,,,,,,,,,,,,,,,,,,,,,,,,,,,,,,,,,,,,,,,,,,,,,,,,
,,,,,,,,,,,,,A0,ANALOG,0,0,CREATE,,,,,,,,,,,,,,,,,,,,,,,,,,,,,,,,,,,,,,,,,,,,,,,,,,,,,,,
,,,,,,,,,,,,,A1,ANALOG,0,0,CREATE,,,,,,,,,,,,,,,,,,,,,,,,,,,,,,,,,,,,,,,,,,,,,,,,,,,,,,,
,,,,,,,,,,,,,GND,GND,0,0,CREATE,,,,,,,,,,,,,,,,,,,,,,,,,,,,,,,,,,,,,,,,,,,,,,,,,,,,,,,
,,,,,,,,,,1,A1,GROVE_ANALOG,VCC,VCC_5V,0,0,CREATE,,,,,,,,,,,,,,,,,,,,,,,,,,,,,,,,,,,,,,,,,,,,,,,,,,,,,,,
,,,,,,,,,,,,,A1,ANALOG,0,0,CREATE,,,,,,,,,,,,,,,,,,,,,,,,,,,,,,,,,,,,,,,,,,,,,,,,,,,,,,,
,,,,,,,,,,,,,A2,ANALOG,0,0,CREATE,,,,,,,,,,,,,,,,,,,,,,,,,,,,,,,,,,,,,,,,,,,,,,,,,,,,,,,
,,,,,,,,,,,,,GND,GND,0,0,CREATE,,,,,,,,,,,,,,,,,,,,,,,,,,,,,,,,,,,,,,,,,,,,,,,,,,,,,,,
,,,,,,,,,,2,A2,GROVE_ANALOG,VCC,VCC_5V,0,0,CREATE,,,,,,,,,,,,,,,,,,,,,,,,,,,,,,,,,,,,,,,,,,,,,,,,,,,,,,,
,,,,,,,,,,,,,A2,ANALOG,0,0,CREATE,,,,,,,,,,,,,,,,,,,,,,,,,,,,,,,,,,,,,,,,,,,,,,,,,,,,,,,
,,,,,,,,,,,,,A3,ANALOG,0,0,CREATE,,,,,,,,,,,,,,,,,,,,,,,,,,,,,,,,,,,,,,,,,,,,,,,,,,,,,,,
,,,,,,,,,,,,,GND,GND,0,0,CREATE,,,,,,,,,,,,,,,,,,,,,,,,,,,,,,,,,,,,,,,,,,,,,,,,,,,,,,,
,,,,,,,,,,3,A3,GROVE_ANALOG,VCC,VCC_5V,0,0,CREATE,,,,,,,,,,,,,,,,,,,,,,,,,,,,,,,,,,,,,,,,,,,,,,,,,,,,,,,
,,,,,,,,,,,,,A3,ANALOG,0,0,CREATE,,,,,,,,,,,,,,,,,,,,,,,,,,,,,,,,,,,,,,,,,,,,,,,,,,,,,,,
,,,,,,,,,,,,,A4,ANALOG,0,0,CREATE,,,,,,,,,,,,,,,,,,,,,,,,,,,,,,,,,,,,,,,,,,,,,,,,,,,,,,,
,,,,,,,,,,,,,GND,GND,0,0,CREATE,,,,,,,,,,,,,,,,,,,,,,,,,,,,,,,,,,,,,,,,,,,,,,,,,,,,,,,
,,,,,,,,,GROVE_GPIO,0,D2,GROVE_GPIO,VCC,VCC_5V,0,0,CREATE,,,,,,,,,,,,,,,,,,,,,,,,,,,,,,,,,,,,,,,,,,,,,,,,,,,,,,,
,,,,,,,,,,,,,D2,GPIO,0,0,CREATE,,,,,,,,,,,,,,,,,,,,,,,,,,,,,,,,,,,,,,,,,,,,,,,,,,,,,,,
,,,,,,,,,,,,,D3,GPIO,0,0,CREATE,,,,,,,,,,,,,,,,,,,,,,,,,,,,,,,,,,,,,,,,,,,,,,,,,,,,,,,
,,,,,,,,,,,,,GND,GND,0,0,CREATE,,,,,,,,,,,,,,,,,,,,,,,,,,,,,,,,,,,,,,,,,,,,,,,,,,,,,,,
,,,,,,,,,,1,D3,GROVE_GPIO,VCC,VCC_5V,0,0,CREATE,,,,,,,,,,,,,,,,,,,,,,,,,,,,,,,,,,,,,,,,,,,,,,,,,,,,,,,
,,,,,,,,,,,,,D3,GPIO,0,0,CREATE,,,,,,,,,,,,,,,,,,,,,,,,,,,,,,,,,,,,,,,,,,,,,,,,,,,,,,,
,,,,,,,,,,,,,D4,GPIO,0,0,CREATE,,,,,,,,,,,,,,,,,,,,,,,,,,,,,,,,,,,,,,,,,,,,,,,,,,,,,,,
,,,,,,,,,,,,,GND,GND,0,0,CREATE,,,,,,,,,,,,,,,,,,,,,,,,,,,,,,,,,,,,,,,,,,,,,,,,,,,,,,,
,,,,,,,,,,2,D4,GROVE_GPIO,VCC,VCC_5V,0,0,CREATE,,,,,,,,,,,,,,,,,,,,,,,,,,,,,,,,,,,,,,,,,,,,,,,,,,,,,,,
,,,,,,,,,,,,,D4,GPIO,0,0,CREATE,,,,,,,,,,,,,,,,,,,,,,,,,,,,,,,,,,,,,,,,,,,,,,,,,,,,,,,
,,,,,,,,,,,,,D5,GPIO,0,0,CREATE,,,,,,,,,,,,,,,,,,,,,,,,,,,,,,,,,,,,,,,,,,,,,,,,,,,,,,,
,,,,,,,,,,,,,GND,GND,0,0,CREATE,,,,,,,,,,,,,,,,,,,,,,,,,,,,,,,,,,,,,,,,,,,,,,,,,,,,,,,
,,,,,,,,,,3,D5,GROVE_GPIO,VCC,VCC_5V,0,0,CREATE,,,,,,,,,,,,,,,,,,,,,,,,,,,,,,,,,,,,,,,,,,,,,,,,,,,,,,,
,,,,,,,,,,,,,D5,GPIO,0,0,CREATE,,,,,,,,,,,,,,,,,,,,,,,,,,,,,,,,,,,,,,,,,,,,,,,,,,,,,,,
,,,,,,,,,,,,,D6,GPIO,0,0,CREATE,,,,,,,,,,,,,,,,,,,,,,,,,,,,,,,,,,,,,,,,,,,,,,,,,,,,,,,
,,,,,,,,,,,,,GND,GND,0,0,CREATE,,,,,,,,,,,,,,,,,,,,,,,,,,,,,,,,,,,,,,,,,,,,,,,,,,,,,,,
,,,,,,,,,,4,D6,GROVE_GPIO,VCC,VCC_5V,0,0,CREATE,,,,,,,,,,,,,,,,,,,,,,,,,,,,,,,,,,,,,,,,,,,,,,,,,,,,,,,
,,,,,,,,,,,,,D6,GPIO,0,0,CREATE,,,,,,,,,,,,,,,,,,,,,,,,,,,,,,,,,,,,,,,,,,,,,,,,,,,,,,,
,,,,,,,,,,,,,D7,GPIO,0,0,CREATE,,,,,,,,,,,,,,,,,,,,,,,,,,,,,,,,,,,,,,,,,,,,,,,,,,,,,,,
,,,,,,,,,,,,,GND,GND,0,0,CREATE,,,,,,,,,,,,,,,,,,,,,,,,,,,,,,,,,,,,,,,,,,,,,,,,,,,,,,,
,,,,,,,,,,5,D7,GROVE_GPIO,VCC,VCC_5V,0,0,CREATE,,,,,,,,,,,,,,,,,,,,,,,,,,,,,,,,,,,,,,,,,,,,,,,,,,,,,,,
,,,,,,,,,,,,,D7,GPIO,0,0,CREATE,,,,,,,,,,,,,,,,,,,,,,,,,,,,,,,,,,,,,,,,,,,,,,,,,,,,,,,
,,,,,,,,,,,,,D8,GPIO,0,0,CREATE,,,,,,,,,,,,,,,,,,,,,,,,,,,,,,,,,,,,,,,,,,,,,,,,,,,,,,,
,,,,,,,,,,,,,GND,GND,0,0,CREATE,,,,,,,,,,,,,,,,,,,,,,,,,,,,,,,,,,,,,,,,,,,,,,,,,,,,,,,
,,,,,,,,,,6,D8,GROVE_GPIO,VCC,VCC_5V,0,0,CREATE,,,,,,,,,,,,,,,,,,,,,,,,,,,,,,,,,,,,,,,,,,,,,,,,,,,,,,,
,,,,,,,,,,,,,D8,GPIO,0,0,CREATE,,,,,,,,,,,,,,,,,,,,,,,,,,,,,,,,,,,,,,,,,,,,,,,,,,,,,,,
,,,,,,,,,,,,,D9,GPIO,0,0,CREATE,,,,,,,,,,,,,,,,,,,,,,,,,,,,,,,,,,,,,,,,,,,,,,,,,,,,,,,
,,,,,,,,,,,,,GND,GND,0,0,CREATE,,,,,,,,,,,,,,,,,,,,,,,,,,,,,,,,,,,,,,,,,,,,,,,,,,,,,,,
,,,,,,,,,GROVE_PWM,0,D3,GROVE_GPIO,VCC,VCC_5V,0,0,CREATE,,,,,,,,,,,,,,,,,,,,,,,,,,,,,,,,,,,,,,,,,,,,,,,,,,,,,,,
,,,,,,,,,,,,,D3,PWM,0,0,CREATE,,,,,,,,,,,,,,,,,,,,,,,,,,,,,,,,,,,,,,,,,,,,,,,,,,,,,,,
,,,,,,,,,,,,,D4,NC,0,0,CREATE,,,,,,,,,,,,,,,,,,,,,,,,,,,,,,,,,,,,,,,,,,,,,,,,,,,,,,,
,,,,,,,,,,,,,GND,GND,0,0,CREATE,,,,,,,,,,,,,,,,,,,,,,,,,,,,,,,,,,,,,,,,,,,,,,,,,,,,,,,
,,,,,,,,,,1,D5,GROVE_GPIO,VCC,VCC_5V,0,0,CREATE,,,,,,,,,,,,,,,,,,,,,,,,,,,,,,,,,,,,,,,,,,,,,,,,,,,,,,,
,,,,,,,,,,,,,D5,PWM,0,0,CREATE,,,,,,,,,,,,,,,,,,,,,,,,,,,,,,,,,,,,,,,,,,,,,,,,,,,,,,,
,,,,,,,,,,,,,D6,NC,0,0,CREATE,,,,,,,,,,,,,,,,,,,,,,,,,,,,,,,,,,,,,,,,,,,,,,,,,,,,,,,
,,,,,,,,,,,,,GND,GND,0,0,CREATE,,,,,,,,,,,,,,,,,,,,,,,,,,,,,,,,,,,,,,,,,,,,,,,,,,,,,,,
,,,,,,,,,,2,D6,GROVE_GPIO,VCC,VCC_5V,0,0,CREATE,,,,,,,,,,,,,,,,,,,,,,,,,,,,,,,,,,,,,,,,,,,,,,,,,,,,,,,
,,,,,,,,,,,,,D6,PWM,0,0,CREATE,,,,,,,,,,,,,,,,,,,,,,,,,,,,,,,,,,,,,,,,,,,,,,,,,,,,,,,
,,,,,,,,,,,,,D7,NC,0,0,CREATE,,,,,,,,,,,,,,,,,,,,,,,,,,,,,,,,,,,,,,,,,,,,,,,,,,,,,,,
,,,,,,,,,,,,,GND,GND,0,0,CREATE,,,,,,,,,,,,,,,,,,,,,,,,,,,,,,,,,,,,,,,,,,,,,,,,,,,,,,,
MP-0000,MakerPlayground,Maker Playground - BASE BOARD,http://www.makerplayground.io/library/MP-0000,CONTROLLER,uno,MAKER_PLAYGROUND,0,0,MP_GPIO,0,D1,MP_GPIO,VCC,VCC_5V,0,0,CREATE,,,,,,Blynk,Compare,,,,,,,,,Push value,Virtual Pin,ENUM,,,,,0,0,VirtualPin0,INTEGER,0,255,NOT_SPECIFIED,ARDUINO,,,,,,,,,,,,,,,,,,,,,,,,,
,,,,,,,,,,,,,GND,GND,0,0,CREATE,,,,,,,Check value,Virtual Pin,ENUM,,,,,0,0,,,,,,,,1,,VirtualPin1,INTEGER,0,255,NOT_SPECIFIED,,,,,,,,,,,,,,,,,,,,,,,,,,
,,,,,,,,,,,,,3,GPIO,0,0,CREATE,,,,,,,,,,,,,,1,,,,,,,,,2,,VirtualPin2,INTEGER,0,255,NOT_SPECIFIED,,,,,,,,,,,,,,,,,,,,,,,,,,
,,,,,,,,,,,,,4,GPIO,0,0,CREATE,,,,,,,,,,,,,,2,,,,,,,,,3,,VirtualPin3,INTEGER,0,255,NOT_SPECIFIED,,,,,,,,,,,,,,,,,,,,,,,,,,
,,,,,,,,,,1,D2,MP_GPIO,VCC,VCC_5V,0,0,CREATE,,,,,,,,,,,,,,3,,,,,,,,,4,,VirtualPin4,INTEGER,0,255,NOT_SPECIFIED,,,,,,,,,,,,,,,,,,,,,,,,,,
,,,,,,,,,,,,,GND,GND,0,0,CREATE,,,,,,,,,,,,,,4,,,,,,,,,5,,VirtualPin5,INTEGER,0,255,NOT_SPECIFIED,,,,,,,,,,,,,,,,,,,,,,,,,,
,,,,,,,,,,,,,5,GPIO,0,0,CREATE,,,,,,,,,,,,,,5,,,,,,,,,6,,VirtualPin6,INTEGER,0,255,NOT_SPECIFIED,,,,,,,,,,,,,,,,,,,,,,,,,,
,,,,,,,,,,,,,6,GPIO,0,0,CREATE,,,,,,,,,,,,,,6,,,,,,,,,7,,VirtualPin7,INTEGER,0,255,NOT_SPECIFIED,,,,,,,,,,,,,,,,,,,,,,,,,,
,,,,,,,,,,2,D3,MP_GPIO,VCC,VCC_5V,0,0,CREATE,,,,,,,,,,,,,,7,,,Value,VALUE,,,,,,,,,,,,,,,,,,,,,,,,,,,,,,,,,,,,,
,,,,,,,,,,,,,GND,GND,0,0,CREATE,,,,,,,,Data,INTEGER,-32768,32767,0,NOT_SPECIFIED,,,,,,,,,,,,,,,,,,,,,,,,,,,,,,,,,,,,,,,,,,
,,,,,,,,,,,,,6,GPIO,0,0,CREATE,,,,,,,,,,,,,,,,,,,,,,,,,,,,,,,,,,,,,,,,,,,,,,,,,,,,,,,
,,,,,,,,,,,,,7,GPIO,0,0,CREATE,,,,,,,,,,,,,,,,,,,,,,,,,,,,,,,,,,,,,,,,,,,,,,,,,,,,,,,
,,,,,,,,,,3,D4,MP_GPIO,VCC,VCC_5V,0,0,CREATE,,,,,,,,,,,,,,,,,,,,,,,,,,,,,,,,,,,,,,,,,,,,,,,,,,,,,,,
,,,,,,,,,,,,,GND,GND,0,0,CREATE,,,,,,,,,,,,,,,,,,,,,,,,,,,,,,,,,,,,,,,,,,,,,,,,,,,,,,,
,,,,,,,,,,,,,9,GPIO,0,0,CREATE,,,,,,,,,,,,,,,,,,,,,,,,,,,,,,,,,,,,,,,,,,,,,,,,,,,,,,,
,,,,,,,,,,,,,10,GPIO,0,0,CREATE,,,,,,,,,,,,,,,,,,,,,,,,,,,,,,,,,,,,,,,,,,,,,,,,,,,,,,,
,,,,,,,,,,4,D5,MP_GPIO,VCC,VCC_5V,0,0,CREATE,,,,,,,,,,,,,,,,,,,,,,,,,,,,,,,,,,,,,,,,,,,,,,,,,,,,,,,
,,,,,,,,,,,,,GND,GND,0,0,CREATE,,,,,,,,,,,,,,,,,,,,,,,,,,,,,,,,,,,,,,,,,,,,,,,,,,,,,,,
,,,,,,,,,,,,,A1,GPIO,0,0,CREATE,,,,,,,,,,,,,,,,,,,,,,,,,,,,,,,,,,,,,,,,,,,,,,,,,,,,,,,
,,,,,,,,,,,,,A2,GPIO,0,0,CREATE,,,,,,,,,,,,,,,,,,,,,,,,,,,,,,,,,,,,,,,,,,,,,,,,,,,,,,,
,,,,,,,,,,5,D6,MP_GPIO,VCC,VCC_5V,0,0,CREATE,,,,,,,,,,,,,,,,,,,,,,,,,,,,,,,,,,,,,,,,,,,,,,,,,,,,,,,
,,,,,,,,,,,,,GND,GND,0,0,CREATE,,,,,,,,,,,,,,,,,,,,,,,,,,,,,,,,,,,,,,,,,,,,,,,,,,,,,,,
,,,,,,,,,,,,,A2,GPIO,0,0,CREATE,,,,,,,,,,,,,,,,,,,,,,,,,,,,,,,,,,,,,,,,,,,,,,,,,,,,,,,
,,,,,,,,,,,,,A3,GPIO,0,0,CREATE,,,,,,,,,,,,,,,,,,,,,,,,,,,,,,,,,,,,,,,,,,,,,,,,,,,,,,,
,,,,,,,,,,6,I2C,MP_GPIO,VCC,VCC_5V,0,0,CREATE,,,,,,,,,,,,,,,,,,,,,,,,,,,,,,,,,,,,,,,,,,,,,,,,,,,,,,,
,,,,,,,,,,,,,GND,GND,0,0,CREATE,,,,,,,,,,,,,,,,,,,,,,,,,,,,,,,,,,,,,,,,,,,,,,,,,,,,,,,
,,,,,,,,,,,,,A4,GPIO,0,0,CREATE,,,,,,,,,,,,,,,,,,,,,,,,,,,,,,,,,,,,,,,,,,,,,,,,,,,,,,,
,,,,,,,,,,,,,A5,GPIO,0,0,CREATE,,,,,,,,,,,,,,,,,,,,,,,,,,,,,,,,,,,,,,,,,,,,,,,,,,,,,,,
,,,,,,,,,MP_ANALOG,0,A1,MP_ANALOG,VCC,VCC_5V,0,0,CREATE,,,,,,,,,,,,,,,,,,,,,,,,,,,,,,,,,,,,,,,,,,,,,,,,,,,,,,,
,,,,,,,,,,,,,GND,GND,0,0,CREATE,,,,,,,,,,,,,,,,,,,,,,,,,,,,,,,,,,,,,,,,,,,,,,,,,,,,,,,
,,,,,,,,,,,,,A1,ANALOG,0,0,CREATE,,,,,,,,,,,,,,,,,,,,,,,,,,,,,,,,,,,,,,,,,,,,,,,,,,,,,,,
,,,,,,,,,,,,,A2,ANALOG,0,0,CREATE,,,,,,,,,,,,,,,,,,,,,,,,,,,,,,,,,,,,,,,,,,,,,,,,,,,,,,,
,,,,,,,,,,1,A2,MP_ANALOG,VCC,VCC_5V,0,0,CREATE,,,,,,,,,,,,,,,,,,,,,,,,,,,,,,,,,,,,,,,,,,,,,,,,,,,,,,,
,,,,,,,,,,,,,GND,GND,0,0,CREATE,,,,,,,,,,,,,,,,,,,,,,,,,,,,,,,,,,,,,,,,,,,,,,,,,,,,,,,
,,,,,,,,,,,,,A2,ANALOG,0,0,CREATE,,,,,,,,,,,,,,,,,,,,,,,,,,,,,,,,,,,,,,,,,,,,,,,,,,,,,,,
,,,,,,,,,,,,,A3,ANALOG,0,0,CREATE,,,,,,,,,,,,,,,,,,,,,,,,,,,,,,,,,,,,,,,,,,,,,,,,,,,,,,,
,,,,,,,,,MP_I2C,0,I2C,MP_I2C,VCC,VCC_5V,0,0,CREATE,,,,,,,,,,,,,,,,,,,,,,,,,,,,,,,,,,,,,,,,,,,,,,,,,,,,,,,
,,,,,,,,,,,,,GND,GND,0,0,CREATE,,,,,,,,,,,,,,,,,,,,,,,,,,,,,,,,,,,,,,,,,,,,,,,,,,,,,,,
,,,,,,,,,,,,,A4,I2C_SDA,0,0,CREATE,,,,,,,,,,,,,,,,,,,,,,,,,,,,,,,,,,,,,,,,,,,,,,,,,,,,,,,
,,,,,,,,,,,,,A5,I2C_SCL,0,0,CREATE,,,,,,,,,,,,,,,,,,,,,,,,,,,,,,,,,,,,,,,,,,,,,,,,,,,,,,,
,,,,,,,,,,1,I2C,MP_I2C,VCC,VCC_5V,0,0,CREATE,,,,,,,,,,,,,,,,,,,,,,,,,,,,,,,,,,,,,,,,,,,,,,,,,,,,,,,
,,,,,,,,,,,,,GND,GND,0,0,CREATE,,,,,,,,,,,,,,,,,,,,,,,,,,,,,,,,,,,,,,,,,,,,,,,,,,,,,,,
,,,,,,,,,,,,,A4,I2C_SDA,0,0,CREATE,,,,,,,,,,,,,,,,,,,,,,,,,,,,,,,,,,,,,,,,,,,,,,,,,,,,,,,
,,,,,,,,,,,,,A5,I2C_SCL,0,0,CREATE,,,,,,,,,,,,,,,,,,,,,,,,,,,,,,,,,,,,,,,,,,,,,,,,,,,,,,,
,,,,,,,,,,2,I2C,MP_I2C,VCC,VCC_5V,0,0,CREATE,,,,,,,,,,,,,,,,,,,,,,,,,,,,,,,,,,,,,,,,,,,,,,,,,,,,,,,
,,,,,,,,,,,,,GND,GND,0,0,CREATE,,,,,,,,,,,,,,,,,,,,,,,,,,,,,,,,,,,,,,,,,,,,,,,,,,,,,,,
,,,,,,,,,,,,,A4,I2C_SDA,0,0,CREATE,,,,,,,,,,,,,,,,,,,,,,,,,,,,,,,,,,,,,,,,,,,,,,,,,,,,,,,
,,,,,,,,,,,,,A5,I2C_SCL,0,0,CREATE,,,,,,,,,,,,,,,,,,,,,,,,,,,,,,,,,,,,,,,,,,,,,,,,,,,,,,,
,,,,,,,,,,3,I2C,MP_I2C,VCC,VCC_5V,0,0,CREATE,,,,,,,,,,,,,,,,,,,,,,,,,,,,,,,,,,,,,,,,,,,,,,,,,,,,,,,
,,,,,,,,,,,,,GND,GND,0,0,CREATE,,,,,,,,,,,,,,,,,,,,,,,,,,,,,,,,,,,,,,,,,,,,,,,,,,,,,,,
,,,,,,,,,,,,,A4,I2C_SDA,0,0,CREATE,,,,,,,,,,,,,,,,,,,,,,,,,,,,,,,,,,,,,,,,,,,,,,,,,,,,,,,
,,,,,,,,,,,,,A5,I2C_SCL,0,0,CREATE,,,,,,,,,,,,,,,,,,,,,,,,,,,,,,,,,,,,,,,,,,,,,,,,,,,,,,,
,,,,,,,,,MP_PWM,0,D1,MP_PWM,VCC,VCC_5V,0,0,CREATE,,,,,,,,,,,,,,,,,,,,,,,,,,,,,,,,,,,,,,,,,,,,,,,,,,,,,,,
,,,,,,,,,,,,,GND,GND,0,0,CREATE,,,,,,,,,,,,,,,,,,,,,,,,,,,,,,,,,,,,,,,,,,,,,,,,,,,,,,,
,,,,,,,,,,,,,3,PWM,0,0,CREATE,,,,,,,,,,,,,,,,,,,,,,,,,,,,,,,,,,,,,,,,,,,,,,,,,,,,,,,
,,,,,,,,,,,,,4,NC,0,0,CREATE,,,,,,,,,,,,,,,,,,,,,,,,,,,,,,,,,,,,,,,,,,,,,,,,,,,,,,,
,,,,,,,,,,1,D2,MP_PWM,VCC,VCC_5V,0,0,CREATE,,,,,,,,,,,,,,,,,,,,,,,,,,,,,,,,,,,,,,,,,,,,,,,,,,,,,,,
,,,,,,,,,,,,,GND,GND,0,0,CREATE,,,,,,,,,,,,,,,,,,,,,,,,,,,,,,,,,,,,,,,,,,,,,,,,,,,,,,,
,,,,,,,,,,,,,5,PWM,0,0,CREATE,,,,,,,,,,,,,,,,,,,,,,,,,,,,,,,,,,,,,,,,,,,,,,,,,,,,,,,
,,,,,,,,,,,,,6,NC,0,0,CREATE,,,,,,,,,,,,,,,,,,,,,,,,,,,,,,,,,,,,,,,,,,,,,,,,,,,,,,,
,,,,,,,,,,2,D3,MP_PWM,VCC,VCC_5V,0,0,CREATE,,,,,,,,,,,,,,,,,,,,,,,,,,,,,,,,,,,,,,,,,,,,,,,,,,,,,,,
,,,,,,,,,,,,,GND,GND,0,0,CREATE,,,,,,,,,,,,,,,,,,,,,,,,,,,,,,,,,,,,,,,,,,,,,,,,,,,,,,,
,,,,,,,,,,,,,6,PWM,0,0,CREATE,,,,,,,,,,,,,,,,,,,,,,,,,,,,,,,,,,,,,,,,,,,,,,,,,,,,,,,
,,,,,,,,,,,,,7,NC,0,0,CREATE,,,,,,,,,,,,,,,,,,,,,,,,,,,,,,,,,,,,,,,,,,,,,,,,,,,,,,,
,,,,,,,,,,3,D4,MP_PWM,VCC,VCC_5V,0,0,CREATE,,,,,,,,,,,,,,,,,,,,,,,,,,,,,,,,,,,,,,,,,,,,,,,,,,,,,,,
,,,,,,,,,,,,,GND,GND,0,0,CREATE,,,,,,,,,,,,,,,,,,,,,,,,,,,,,,,,,,,,,,,,,,,,,,,,,,,,,,,
,,,,,,,,,,,,,9,PWM,0,0,CREATE,,,,,,,,,,,,,,,,,,,,,,,,,,,,,,,,,,,,,,,,,,,,,,,,,,,,,,,
,,,,,,,,,,,,,10,NC,0,0,CREATE,,,,,,,,,,,,,,,,,,,,,,,,,,,,,,,,,,,,,,,,,,,,,,,,,,,,,,,
MP-0001,MakerPlayground,Maker Playground - LED,http://www.makerplayground.io/library/MP-0001,PERIPHERAL,,MAKER_PLAYGROUND,0,0,MP_PWM,0,,MP_PWM,VCC,VCC_5V,0,0,USE,0,MP-0000,0,MP_PWM,0,LED,,,,,,,,,,On,Brightness,DOUBLE,0,100,100,PERCENT,,,,,,,,ARDUINO,,,,,,,,,,,,,,,,,,,,,,,,,
,,,,,,,,,,,,,SIG,PWM,0,0,USE_BLOCK,,,,,,,,,,,,,,,,Off,,,,,,,,,,,,,,,,,,,,,,,,,,,,,,,,,,,,,,,
,,,,,,,,,,,,,GND,GND,0,0,USE,,,,,,,,,,,,,,,,,,,,,,,,,,,,,,,,,,,,,,,,,,,,,,,,,,,,,,,
MP-0002,MakerPlayground,Maker Playground - RGB LED,http://www.makerplayground.io/library/MP-0002,PERIPHERAL,,MAKER_PLAYGROUND,0,0,MP_I2C,0,,MP_I2C,VCC,VCC_5V,0,0,USE,0,MP-0000,0,MP_I2C,0,RGB LED,,,,,,,,,,On,Color,ENUM,,,,,Red,Red,,,,,,ARDUINO,,,,,,,,,,,,,,,,,,,,,,,,,
,,,,,,,,,,,,,SDA,I2C_SDA,0,0,USE,,,,,,,,,,,,,,,,,,,,,,,Green,,,,,,,,,,,,,,,,,,,,,,,,,,,,,,,,
,,,,,,,,,,,,,SCL,I2C_SCL,0,0,USE,,,,,,,,,,,,,,,,,,,,,,,Blue,,,,,,,,,,,,,,,,,,,,,,,,,,,,,,,,
,,,,,,,,,,,,,GND,GND,0,0,USE,,,,,,,,,,,,,,,,,,,,,,,Cyan,,,,,,,,,,,,,,,,,,,,,,,,,,,,,,,,
,,,,,,,,,,,,,,,,,,,,,,,,,,,,,,,,,,,,,,,,Magenta,,,,,,,,,,,,,,,,,,,,,,,,,,,,,,,,
,,,,,,,,,,,,,,,,,,,,,,,,,,,,,,,,,,,,,,,,Yellow,,,,,,,,,,,,,,,,,,,,,,,,,,,,,,,,
,,,,,,,,,,,,,,,,,,,,,,,,,,,,,,,,,,,,,,,,White,,,,,,,,,,,,,,,,,,,,,,,,,,,,,,,,
MP-0003,MakerPlayground,Maker Playground - Buzzer,http://www.makerplayground.io/library/MP-0003,PERIPHERAL,,MAKER_PLAYGROUND,0,0,MP_PWM,0,,MP_PWM,VCC,VCC_5V,0,0,USE,0,MP-0000,0,MP_PWM,0,Buzzer,,,,,,,,,,Beep,,,,,,,,,,,,,,ARDUINO,,,,,,,,,,,,,,,,,,,,,,,,,
,,,,,,,,,,,,,SIG,PWM,0,0,USE_BLOCK,,,,,,,,,,,,,,,,,,,,,,,,,,,,,,,,,,,,,,,,,,,,,,,,,,,,,,,
,,,,,,,,,,,,,GND,GND,0,0,USE,,,,,,,,,,,,,,,,,,,,,,,,,,,,,,,,,,,,,,,,,,,,,,,,,,,,,,,
MP-0004,MakerPlayground,Maker Playground - Load Driver,http://www.makerplayground.io/library/MP-0004,PERIPHERAL,,MAKER_PLAYGROUND,0,0,MP_GPIO,0,,MP_GPIO,VCC,VCC_5V,0,0,USE,0,MP-0000,0,MP_GPIO,0,Load Driver,,,,,,,,,,On,,,,,,,,,,,,,,ARDUINO,,,,,,,,,,,,,,,,,,,,,,,,,
,,,,,,,,,,,,,SIG,GPIO,0,0,USE_BLOCK,1,POWER_1,0,EXT_SOURCE,0,,,,,,,,,,,Off,,,,,,,,,,,,,,,,,,,,,,,,,,,,,,,,,,,,,,,
,,,,,,,,,,,,,GND,GND,0,0,USE,,,,,,,,,,,,,,,,,,,,,,,,,,,,,,,,,,,,,,,,,,,,,,,,,,,,,,,
,,,,,,,,,MP_LOAD,0,,MP_LOAD,OUT+,LOAD_POSITIVE,17,177.5,CREATE,,,,,,,,,,,,,,,,,,,,,,,,,,,,,,,,,,,,,,,,,,,,,,,,,,,,,,,
,,,,,,,,,,,,,OUT-,LOAD_NEGATIVE,17,205.5,CREATE,,,,,,,,,,,,,,,,,,,,,,,,,,,,,,,,,,,,,,,,,,,,,,,,,,,,,,,
,,,,,,,,,EXT_SOURCE,0,,WIRE,V+,EXT_VCC,156,397,USE,,,,,,,,,,,,,,,,,,,,,,,,,,,,,,,,,,,,,,,,,,,,,,,,,,,,,,,
,,,,,,,,,,,,,V-,EXT_GND,181,397,USE,,,,,,,,,,,,,,,,,,,,,,,,,,,,,,,,,,,,,,,,,,,,,,,,,,,,,,,
MP-0005,MakerPlayground,Maker Playground - Light Sensor,http://www.makerplayground.io/library/MP-0005,PERIPHERAL,,MAKER_PLAYGROUND,0,0,MP_ANALOG,0,,MP_ANALOG,VCC,VCC_5V,0,0,USE,0,MP-0000,0,MP_ANALOG,0,Light,Compare,,,,,,,,,,,,,,,,,,Percent,DOUBLE,0,100,PERCENT,ARDUINO,,,,,,,,,,,,,,,,,,,,,,,,,
,,,,,,,,,,,,,SIG,ANALOG,0,0,USE_BLOCK,,,,,,,,,,,,,,,,,,,,,,,,,,,,,,,,,,,,,,,,,,,,,,,,,,,,,,,
,,,,,,,,,,,,,GND,GND,0,0,USE,,,,,,,,,,,,,,,,,,,,,,,,,,,,,,,,,,,,,,,,,,,,,,,,,,,,,,,
MP-0006,MakerPlayground,Maker Playground - Button,http://www.makerplayground.io/library/MP-0006,PERIPHERAL,,MAKER_PLAYGROUND,0,0,MP_GPIO,0,,MP_GPIO,VCC,VCC_5V,0,0,USE,0,MP-0000,0,MP_GPIO,0,Button,Wait For Press,,,,,,,,,,,,,,,,,,,,,,,ARDUINO,,,,,,,,,,,,,,,,,,,,,,,,,
,,,,,,,,,,,,,SIG,GPIO,0,0,USE_BLOCK,,,,,,,Wait For Release,,,,,,,,,,,,,,,,,,,,,,,,,,,,,,,,,,,,,,,,,,,,,,,,
,,,,,,,,,,,,,GND,GND,0,0,USE,,,,,,,,,,,,,,,,,,,,,,,,,,,,,,,,,,,,,,,,,,,,,,,,,,,,,,,
MP-0007,MakerPlayground,Maker Playground - Trimpot,http://www.makerplayground.io/library/MP-0007,PERIPHERAL,,MAKER_PLAYGROUND,0,0,MP_ANALOG,0,,MP_ANALOG,VCC,VCC_5V,0,0,USE,0,MP-0000,0,MP_ANALOG,0,POT,Compare,,,,,,,,,,,,,,,,,,Percent,DOUBLE,0,100,PERCENT,ARDUINO,,,,,,,,,,,,,,,,,,,,,,,,,
,,,,,,,,,,,,,SIG,ANALOG,0,0,USE_BLOCK,,,,,,,,,,,,,,,,,,,,,,,,,,,,,,,,,,,,,,,,,,,,,,,,,,,,,,,
,,,,,,,,,,,,,GND,GND,0,0,USE,,,,,,,,,,,,,,,,,,,,,,,,,,,,,,,,,,,,,,,,,,,,,,,,,,,,,,,
MP-0008,MakerPlayground,Maker Playground - Accelerometer/Gyroscope,http://www.makerplayground.io/library/MP-0008,PERIPHERAL,,MAKER_PLAYGROUND,0,0,MP_I2C,0,,MP_I2C,VCC,VCC_5V,0,0,USE,0,MP-0000,0,MP_I2C,0,Accelerometer,Compare,,,,,,,,,,,,,,,,,,Accel_X,DOUBLE,-100,100,METERPERSECSQUARE,ARDUINO,,,,,,,,,,,,,,,,,,,,,,,,,
,,,,,,,,,,,,,SDA,I2C_SDA,0,0,USE,,,,,,,,,,,,,,,,,,,,,,,,,Accel_Y,DOUBLE,-100,100,METERPERSECSQUARE,,,,,,,,,,,,,,,,,,,,,,,,,,
,,,,,,,,,,,,,SCL,I2C_SCL,0,0,USE,,,,,,,,,,,,,,,,,,,,,,,,,Accel_Z,DOUBLE,-100,100,METERPERSECSQUARE,,,,,,,,,,,,,,,,,,,,,,,,,,
,,,,,,,,,,,,,GND,GND,0,0,USE,,,,,,,,,,,,,,,,,,,,,,,,,Accel_Magnitude,DOUBLE,0,100,METERPERSECSQUARE,,,,,,,,,,,,,,,,,,,,,,,,,,
,,,,,,,,,,,,,,,,,,,,,,,Gyroscope,Compare,,,,,,,,,,,,,,,,,,Gyro_X,DOUBLE,-200,200,RADIUSPERSEC,,,,,,,,,,,,,,,,,,,,,,,,,,
,,,,,,,,,,,,,,,,,,,,,,,,,,,,,,,,,,,,,,,,,,Gyro_Y,DOUBLE,-200,200,RADIUSPERSEC,,,,,,,,,,,,,,,,,,,,,,,,,,
,,,,,,,,,,,,,,,,,,,,,,,,,,,,,,,,,,,,,,,,,,Gyro_Z,DOUBLE,-200,200,RADIUSPERSEC,,,,,,,,,,,,,,,,,,,,,,,,,,
MP-0009,MakerPlayground,Maker Playground - Temperature/Humidity,http://www.makerplayground.io/library/MP-0009,PERIPHERAL,,MAKER_PLAYGROUND,0,0,MP_I2C,0,,MP_I2C,VCC,VCC_5V,0,0,USE,0,MP-0000,0,MP_I2C,0,Temperature,Compare,,,,,,,,,,,,,,,,,,Temperature,DOUBLE,-500,500,CELSIUS,ARDUINO,,,,,,,,,,,,,,,,,,,,,,,,,
,,,,,,,,,,,,,SDA,I2C_SDA,0,0,USE,,,,,,Humidity,Compare,,,,,,,,,,,,,,,,,,Humidity,DOUBLE,0,100,PERCENT,,,,,,,,,,,,,,,,,,,,,,,,,,
,,,,,,,,,,,,,SCL,I2C_SCL,0,0,USE,,,,,,,,,,,,,,,,,,,,,,,,,,,,,,,,,,,,,,,,,,,,,,,,,,,,,,,
,,,,,,,,,,,,,GND,GND,0,0,USE,,,,,,,,,,,,,,,,,,,,,,,,,,,,,,,,,,,,,,,,,,,,,,,,,,,,,,,
MP-0010,MakerPlayground,Maker Playground - Distance/Gesture,http://www.makerplayground.io/library/MP-0010,PERIPHERAL,,MAKER_PLAYGROUND,0,0,MP_ANALOG,0,,MP_ANALOG,VCC,VCC_5V,0,0,USE,0,MP-0000,0,MP_ANALOG,0,Distance,Compare,,,,,,,,,,,,,,,,,,Distance,DOUBLE,0,10000,CENTIMETER,ARDUINO,,,,,,,,,,,,,,,,,,,,,,,,,
,,,,,,,,,,,,,SIG,ANALOG,0,0,USE_BLOCK,,,,,,Gesture,Detect Swipe,Gesture,ENUM,,,,,Left,Left,,,,,,,,,,,,,,,,,,,,,,,,,,,,,,,,,,,,,,,,
,,,,,,,,,,,,,GND,GND,0,0,USE,,,,,,,,,,,,,,Right,,,,,,,,,,,,,,,,,,,,,,,,,,,,,,,,,,,,,,,,,
,,,,,,,,,,,,,,,,,,,,,,,,,,,,,,,Up,,,,,,,,,,,,,,,,,,,,,,,,,,,,,,,,,,,,,,,,,
,,,,,,,,,,,,,,,,,,,,,,,,,,,,,,,Down,,,,,,,,,,,,,,,,,,,,,,,,,,,,,,,,,,,,,,,,,
,,,,,,,,,,,,,,,,,,,,,,,,No Hand,,,,,,,,,,,,,,,,,,,,,,,,,,,,,,,,,,,,,,,,,,,,,,,,
MP-0011,MakerPlayground,Maker Playground - Microphone,http://www.makerplayground.io/library/MP-0011,PERIPHERAL,,MAKER_PLAYGROUND,0,0,MP_ANALOG,0,,MP_ANALOG,VCC,VCC_5V,0,0,USE,0,MP-0000,0,MP_ANALOG,0,Sound,Compare,,,,,,,,,,,,,,,,,,SoundLevel,DOUBLE,0,100,PERCENT,ARDUINO,,,,,,,,,,,,,,,,,,,,,,,,,
,,,,,,,,,,,,,SIG,ANALOG,0,0,USE_BLOCK,,,,,,,,,,,,,,,,,,,,,,,,,,,,,,,,,,,,,,,,,,,,,,,,,,,,,,,
,,,,,,,,,,,,,GND,GND,0,0,USE,,,,,,,,,,,,,,,,,,,,,,,,,,,,,,,,,,,,,,,,,,,,,,,,,,,,,,,
MP-0012,MakerPlayground,Maker Playground - 7 Segment,http://www.makerplayground.io/library/MP-0012,PERIPHERAL,,MAKER_PLAYGROUND,0,0,MP_GPIO,0,,MP_GPIO,VCC,VCC_5V,0,0,USE,0,MP-0000,0,MP_GPIO,0,7 Segment,,,,,,,,,,Show Value,Value,VALUE,,,,,,,,,,,,ARDUINO,,,,,,,,,,,,,,,,,,,,,,,,,
,,,,,,,,,,,,,SIG,GPIO,0,0,USE_BLOCK,,,,,,,,,,,,,,,,Show Data,Data,DOUBLE,-999,9999,1000,NUMBER,,,,,,,,,,,,,,,,,,,,,,,,,,,,,,,,,
,,,,,,,,,,,,,SIG,GPIO,0,0,USE_BLOCK,,,,,,,,,,,,,,,,Off,,,,,,,,,,,,,,,,,,,,,,,,,,,,,,,,,,,,,,,
,,,,,,,,,,,,,GND,GND,0,0,USE,,,,,,,,,,,,,,,,Set Brightness,Brightness,DOUBLE,0,100,100,PERCENT,,,,,,,,,,,,,,,,,,,,,,,,,,,,,,,,,
MP-0013,MakerPlayground,Maker Playground - Relay,http://www.makerplayground.io/library/MP-0013,PERIPHERAL,,MAKER_PLAYGROUND,0,0,MP_GPIO,0,,MP_GPIO,VCC,VCC_5V,0,0,USE,0,MP-0000,0,MP_GPIO,0,Relay Module,,,,,,,,,,On,,,,,,,,,,,,,,ARDUINO,,,,,,,,,,,,,,,,,,,,,,,,,
,,,,,,,,,,,,,SIG,GPIO,0,0,USE_BLOCK,,,,,,,,,,,,,,,,Off,,,,,,,,,,,,,,,,,,,,,,,,,,,,,,,,,,,,,,,
,,,,,,,,,,,,,GND,GND,0,0,USE,,,,,,,,,,,,,,,,,,,,,,,,,,,,,,,,,,,,,,,,,,,,,,,,,,,,,,,
MP-0014,MakerPlayground,Maker Playground - Soil-Moisture Sensor,http://www.makerplayground.io/library/MP-0014,PERIPHERAL,,MAKER_PLAYGROUND,0,0,MP_ANALOG,0,,MP_ANALOG,VCC,VCC_5V,0,0,USE,0,MP-0000,0,MP_ANALOG,0,Moisture,In dry soil,,,,,,,,,,,,,,,,,,,,,,,,,,,,,,,,,,,,,,,,,,,,,,,,
,,,,,,,,,,,,,SIG,ANALOG,0,0,USE_BLOCK,,,,,,,In humid soil,,,,,,,,,,,,,,,,,,,,,,,,,,,,,,,,,,,,,,,,,,,,,,,,
,,,,,,,,,,,,,GND,GND,0,0,USE,,,,,,,In water,,,,,,,,,,,,,,,,,,,,,,,,,,,,,,,,,,,,,,,,,,,,,,,,
POWER_1,MakerPlayground,Battery,http://www.makerplayground.io/library/POWER_1,PERIPHERAL,,MAKER_PLAYGROUND,0,0,EXT_SOURCE,0,,WIRE,V+,EXT_VCC,0,0,CREATE,,,,,,,,,,,,,,,,,,,,,,,,,,,,,,ARDUINO,,,,,,,,,,,,,,,,,,,,,,,,,
,,,,,,,,,,,,,V-,EXT_GND,0,0,CREATE,,,,,,,,,,,,,,,,,,,,,,,,,,,,,,,,,,,,,,,,,,,,,,,,,,,,,,,
